sink_id,line,function,target,op,baseline_category,final_category,severity_tier,data_source_tags,trace_notes,rhs
_apOnCollected:tl:=:6d95588273ae,6646,_apOnCollected,tl,=,partial_escaped,partial_escaped,3,api_response,,"step1Html +
    _apStep('done', 'Agent finished probing at ' + _apTimestamp(), x(label) + ' completed TCP probes across all targets.') +
    _apStep('done', 'Collection received — ' + nodes + ' node' + (nodes === 1 ? '' : 's') + ', ' + edges + ' lateral edge' + (edges === 1 ? '' : 's') + ' mapped',
      'The server has built the updated graph. Previous collection (if any) has been superseded by t"
_apRenderJobState:tl:=:7258ec278590,6544,_apRenderJobState,tl,=,indirect_builder,unescaped_html,4,,_apStep() @L6404 (scope-resolved): 1 return(s) -> unescaped_html,"_apStep(dispatchState, 'Job dispatched — ' + job.id.slice(0,8),
      job.targetCount > 0 ? job.targetCount + ' target' + (job.targetCount === 1 ? '' : 's') + ' queued' : '') +
    _apStep(ackState, statusLabel, '') +
    _apStep(probeState, 'Executing on agent', progDetail) +
    _apStep(uploadState, 'Uploading results…', '') +
    _apStep(graphState, 'Graph built &amp; analysis complete',
      "
_applyGeneratedTIScenario:el:=:3a75cf0d8be3,8801,_applyGeneratedTIScenario,el,=,partial_escaped,partial_escaped,3,,,'&#10003; Generated: <strong>' + x(pack.suggestedName) + '</strong> — ' + pack.techniqueCount + ' techniques. Ready to configure targets below.'
_renderEMPreviewList:listEl:=:347204cd7ffa,10533,_renderEMPreviewList,listEl,=,unescaped_text,unescaped_text,4,,,fixedHtml + extraHeaderHtml + extraRowsHtml
_renderVexPreviewList:listEl:=:e00a99d0e67c,10390,_renderVexPreviewList,listEl,=,indirect_builder,unescaped_html,4,,_renderVexPreviewSection() @L10395 (scope-resolved): 4 return(s) -> unescaped_html,"_renderVexPreviewSection('art', 'ART', artFiltered, _vexPreviewArtCollapsed) +
    _renderVexPreviewSection('caldera', 'Caldera', calderaFiltered, _vexPreviewCalderaCollapsed)"
_selectCmpScenario:document.getElementById('cmp-scenario'):=:7d56bfcc3cb2,8830,_selectCmpScenario,document.getElementById('cmp-scenario'),=,escaped,escaped,1,"scenario,user_created_name",,"'<option value="""">— Select a scenario —</option>' +
    state.scenarios.map(function(s) {
      return '<option value=""' + x(s.id) + '""' + (s.id === id ? ' selected' : '') + '>' + x(s.name) + '</option>';
    }).join('')"
_vexRenderQueuePanel:panel:=:b153a86b8dca,21337,_vexRenderQueuePanel,panel,=,partial_escaped,partial_escaped,3,,,"'<div class=""card"" style=""padding:1.5rem"">' +
    '<div class=""card-title"" style=""margin-bottom:0.75rem"">Queue Progress</div>' +
    '<div style=""font-size:0.83rem;color:var(--muted);margin-bottom:0.6rem"">Running <span style=""font-family:var(--font-mono);color:var(--text)"">' + x(tid) + '</span> — <span style=""color:var(--accent);font-weight:600"">' + (idx + 1) + ' / ' + techniques.length + '</span>"
addStep:div:=:bfed555e8b25,17073,addStep,div,=,partial_escaped,partial_escaped,3,user_created_name,,"'<div class=""bld-step-hdr""><span class=""bld-step-num"">Step</span>' +
      '<span class=""bld-actions"">' +
        '<button type=""button""' + x('click', 'moveStepBy', -1) + ' title=""Move up"">&#9650;</button>' +
        '<button type=""button""' + x('click', 'moveStepBy', 1) + ' title=""Move down"">&#9660;</button>' +
        '<button type=""button""' + x('click', 'removeStep') + ' title=""Remove"">&#10005;<"
aggOf:document.getElementById('dash-gauge'):=:c2776b093e85,12001,aggOf,document.getElementById('dash-gauge'),=,partial_escaped,partial_escaped,3,,,"gaugeSVG(prevPct, 124, 14) +
        '<div class=""ring-c""><span class=""rv"" style=""color:' + prevCol + '"">' + prevPct + '</span><span class=""rl"">of 100</span></div>'"
aggOf:document.getElementById('dash-posture-bars'):=:1c09c35c581f,12011,aggOf,document.getElementById('dash-posture-bars'),=,indirect_builder,unescaped_html,4,,miniBars() @L11877 (scope-resolved): 3 return(s) -> unescaped_html,"miniBars(barData, 320, 64)"
aggOf:document.getElementById('kpi-cov-spark'):=:85105375906e,12039,aggOf,document.getElementById('kpi-cov-spark'),=,indirect_builder,unescaped_html,4,,sparkSVG() @L11852 (scope-resolved): 4 return(s) -> unescaped_html; var(): no declaration found anywhere in file,"sparkSVG(covSeries, 110, 30, 'var(--warning)')"
aggOf:document.getElementById('kpi-score-spark'):=:0319aaf8760d,11998,aggOf,document.getElementById('kpi-score-spark'),=,indirect_builder,unescaped_html,4,,sparkSVG() @L11852 (scope-resolved): 4 return(s) -> unescaped_html; var(): no declaration found anywhere in file,"sparkSVG(prevSeries, 110, 30, 'var(--teal)')"
aggOf:donutEl:=:bb66089500d8,12059,aggOf,donutEl,=,static,static,0,,,"'<div class=""empty"">No run data yet.</div>'"
aggOf:else                            tEl:=:1c87b321677d,11996,aggOf,else                            tEl,=,static,static,0,,,"'<span class=""trend flat"">—</span> '"
aggOf:else if (trend === 'Degrading') tEl:=:10f698d311c8,11995,aggOf,else if (trend === 'Degrading') tEl,=,static,static,0,,,"'<span class=""trend down"">▼</span> '"
aggOf:if (trend === 'Improving')      tEl:=:c5109212a34d,11994,aggOf,if (trend === 'Improving')      tEl,=,static,static,0,,,"'<span class=""trend up"">▲</span> '"
apDiscoverSubnet:btn:=:ec0171b2a89a,6388,apDiscoverSubnet,btn,=,static,static,0,,,'&#128270; Discover Subnet'
apDiscoverSubnet:btn:=:ec0171b2a89a,6398,apDiscoverSubnet,btn,=,static,static,0,,,'&#128270; Discover Subnet'
approveForLocalUse:body:=:34b32986665b,7486,approveForLocalUse,body,=,escaped,escaped,1,error_message,,"'<p class=""u-danger"">Could not load the version to review: ' + x(e.message) + '</p>'"
approveForLocalUse:body:=:497b2f8517d3,7475,approveForLocalUse,body,=,static,static,0,,,"'<p class=""sub2"">Loading version&hellip;</p>'"
approveForLocalUse:body:=:870368394ccb,7481,approveForLocalUse,body,=,indirect_builder,partial_escaped,3,,approveSummaryHTML() @L7490 (scope-resolved): 2 return(s) -> partial_escaped,approveSummaryHTML(d)
badge:document.getElementById('cov-toolbar'):=:a56e7fcad41e,9685,badge,document.getElementById('cov-toolbar'),=,partial_escaped,partial_escaped,3,,,"seg + '<span class=""u-flex1""></span>' +
    badge('var(--success)', 'Prevented', c.cov) + badge('var(--warning)', 'Detected', c.part) +
    badge('var(--danger)', 'Missed', c.gap) + badge('var(--muted)', 'Untested', c.none)"
byStartedAtDesc:tbody:=:a84861ce6bf1,15651,byStartedAtDesc,tbody,=,indirect_builder,partial_escaped,3,,"e.html is runRowHtml(r) or _sweepRowHtml(payload,opts); both builders are partial_escaped (documented runId / opts gaps, accepted as low-risk).",allEntries.map(function(e) { return e.html; }).join('')
byStartedAtDesc:tbody:=:f78d2a49fc20,15615,byStartedAtDesc,tbody,=,unescaped_text,unescaped_text,4,,,individualRuns.slice().sort(byStartedAtDesc).map(runRowHtml).join('')
c:document.getElementById('findings-toolbar'):=:c3213155c165,12382,c,document.getElementById('findings-toolbar'),=,indirect_builder,unescaped_html,4,,covSegHtml() @L7125 (scope-resolved): 1 return(s) -> unescaped_html,"covSegHtml(
    [['all', 'All'], ['open', 'Open'], ['triaged', 'Triaged'], ['remediated', 'Remediated'], ['risk_accepted', 'Risk-accepted']],
    FINDING_TAB, 'setFindingTab', c
  )"
c:if (el) el:=:6f6e0b1c7346,7137,c,if (el) el,=,indirect_builder,unescaped_html,4,,covSegHtml() @L7125 (scope-resolved): 1 return(s) -> unescaped_html,"covSegHtml(
    [['all', 'All'], ['online', 'Online'], ['degraded', 'Degraded'], ['offline', 'Offline'], ['retired', 'Retired']],
    AGENT_FILTER, 'setAgentFilter', c
  )"
cell:if (body) body:=:3c853fbcca72,9639,cell,if (body) body,=,unescaped_html,unescaped_html,4,,,"rows || '<tr><td colspan=""9"" class=""empty"">No techniques match.</td></tr>'"
cmdkResultFallback:document.getElementById('results-body'):=:12f11fe6b7e3,11549,cmdkResultFallback,document.getElementById('results-body'),=,escaped,escaped,1,user_created_name,,"(r.description ? '<p style=""margin-bottom:0.8rem"">' + x(r.description) + '</p>' : '') +
    ((r.tags || []).length ? '<div style=""display:flex;gap:0.4rem;flex-wrap:wrap"">' +
      r.tags.map(function(t) { return '<span class=""sbadge"" style=""background:transparent;border:1px solid var(--border)"">' + x(t) + '</span>'; }).join('') +
      '</div>' : '')"
cmdkResultFallback:document.getElementById('results-export'):=:6f49cdbd80e1,11547,cmdkResultFallback,document.getElementById('results-export'),=,static_empty,static_empty,0,,,''
cmdkResultFallback:document.getElementById('results-summary'):=:6f49cdbd80e1,11548,cmdkResultFallback,document.getElementById('results-summary'),=,static_empty,static_empty,0,,,''
cmpOnExistingScenarioChange:el:=:6f49cdbd80e1,8842,cmpOnExistingScenarioChange,el,=,static_empty,static_empty,0,,,''
cmpOnExistingScenarioChange:el:=:6f49cdbd80e1,8844,cmpOnExistingScenarioChange,el,=,static_empty,static_empty,0,,,''
cmpOnExistingScenarioChange:el:=:cdf355211d13,8848,cmpOnExistingScenarioChange,el,=,partial_escaped,partial_escaped,3,,,x(desc) + tagsLine
cmpOnGroupChange:document.getElementById('cmp-exclusions'):=:6f49cdbd80e1,8630,cmpOnGroupChange,document.getElementById('cmp-exclusions'),=,static_empty,static_empty,0,,,''
cmpOnGroupChange:document.getElementById('cmp-group-preview'):=:6f49cdbd80e1,8630,cmpOnGroupChange,document.getElementById('cmp-group-preview'),=,static_empty,static_empty,0,,,''
confirmRun:runBtn:=:8eab6fb9be00,11374,confirmRun,runBtn,=,unescaped_likely_safe,unescaped_likely_safe,2,agent,,'Dispatching to ' + agentIds.length + ' agents…'
confirmRun:runBtn:=:cd9227672841,11393,confirmRun,runBtn,=,static,static,0,,,'&#9654; Run'
count:document.getElementById('campaign-toolbar'):=:df279ec14359,8388,count,document.getElementById('campaign-toolbar'),=,indirect_builder,unescaped_html,4,,covSegHtml() @L7125 (scope-resolved): 1 return(s) -> unescaped_html,"covSegHtml(items, CAMPAIGN_TAB, 'setCampaignTab', count)"
dispatchAPCollect:tl:=:79a513ef9789,6443,dispatchAPCollect,tl,=,indirect_builder,unescaped_html,4,,_apStep() @L6404 (scope-resolved): 1 return(s) -> unescaped_html; _apTimestamp() @L6417 (scope-resolved): 1 return(s) -> unescaped_text,"_apStep('done', 'Collection started for ' + x(agentLabel) + ' at ' + _apTimestamp(),
        targets.length + ' target' + (targets.length === 1 ? '' : 's') + ' queued — job ' + (r.job ? r.job.id.slice(0,8) : '')) +
      (shDetail ? _apStep('warn', 'SharpHound notice', shDetail) : '') +
      _apStep(jobStatus === 'dispatched' || jobStatus === 'running' ? 'done' : 'active',
        jobStatus === '"
doOpen:tacticSel:=:84dac746f49b,16713,doOpen,tacticSel,=,escaped,escaped,1,,,"'<option value=""all"">All tactics</option>' +
        Object.keys(tacticSet).sort().map(function(t) {
          return '<option value=""' + x(t) + '"">' + x(t) + '</option>';
        }).join('')"
expCard:body:=:0218a335dcfb,6298,expCard,body,=,escaped,escaped,1,error_message,,"'<div class=""empty u-danger"">Failed to load: ' + x(e.message) + '</div>'"
expCard:body:=:aaa9402664f1,6296,expCard,body,=,indirect_variable,partial_escaped,3,,20 assignment(s) to 'h' inside openExposureDetail() @L6227 (scope-resolved) -> partial_escaped,h
fetchAuditPage:if (tbody) tbody:=:f3c9f2faea51,8328,fetchAuditPage,if (tbody) tbody,=,static,static,0,telemetry_log,,"'<tr><td colspan=""6"" class=""g1-s-6c42391e"">Failed to load audit logs.</td></tr>'"
fetchAuditPage:tbody:=:bb600ac8e9a9,8269,fetchAuditPage,tbody,=,static,static,0,,,"'<tr><td colspan=""6"" class=""g1-s-5b31a60f"">No audit records found.</td></tr>'"
fetchAuditPage:tbody:=:d9a2eb16db43,8271,fetchAuditPage,tbody,=,unescaped_html,unescaped_html,4,"agent,user_created_name",,"entries.map(function(e) {
        var ts = new Date(e.ts);
        var tsStr = ts.toLocaleDateString() + ' ' + ts.toLocaleTimeString([], {hour:'2-digit',minute:'2-digit',second:'2-digit'});
        var actionLabel = AUDIT_ACTION_LABELS[e.action] || e.action;
        var outcomeClass = e.outcome === 'ok' ? 'g1-display-inline-block g1-s-8e6255cd' : 'g1-display-inline-block g1-s-55cda534';
        va"
fetchConnectorProjects:sel:=:d2134590b864,13353,fetchConnectorProjects,sel,=,escaped,escaped,1,user_created_name,,"projects.map(function(p) {
        return '<option value=""' + x(p.key) + '""' + (inp.value === p.key ? ' selected' : '') + '>' + x(p.key) + ' — ' + x(p.name) + '</option>';
      }).join('')"
fill:sel:=:208268b2e954,6364,fill,sel,=,escaped,escaped,1,agent,,"(state.agents || []).map(function(a) {
      return '<option value=""' + x(a.agentId) + '"">' + x(a.hostname || a.agentId) + (a.status === 'offline' ? ' (offline)' : '') + '</option>';
    }).join('') || '<option value="""">No agents enrolled</option>'"
fillBuilder:steps:=:6f49cdbd80e1,16766,fillBuilder,steps,=,static_empty,static_empty,0,,,''
filterVexTechniques:el:=:b51334baf721,21159,filterVexTechniques,el,=,static,static,0,,,"'<div style=""color:var(--muted);font-size:0.75rem;padding:0.4rem"">No techniques match</div>'"
filterVexTechniques:el:=:fe7e0ce19e69,21162,filterVexTechniques,el,=,escaped,escaped,1,user_created_name,,"filtered.map(function(t) {
    return '<label style=""display:flex;align-items:center;gap:0.5rem;padding:2px 4px;cursor:pointer;border-radius:3px"">' +
      '<input type=""checkbox"" class=""vex-tech-cb"" value=""' + x(t.id) + '"" style=""accent-color:var(--accent);flex-shrink:0"">' +
      '<span style=""font-family:var(--font-mono);font-size:0.76rem;flex-shrink:0"">' + x(t.id) + '</span>' +
      (t.name ?"
fmt:document.getElementById('evidence-content'):=:e5e239560bc1,11067,fmt,document.getElementById('evidence-content'),=,indirect_variable,unescaped_html,4,,15 assignment(s) to 'html' inside renderEvidencePanel() @L10823 (scope-resolved) -> unescaped_html,html
goToProfile:el:=:8622ee612137,19220,goToProfile,el,=,escaped,escaped,1,,,"d.permissions.slice().sort().map(function(p) {
      return '<span class=""tag g1-display-inline-block g1-s-cbab8d6c"">' + x(p) + '</span>';
    }).join('')"
initComplianceTab:agSel:=:6f767b9cccfa,5476,initComplianceTab,agSel,=,escaped,escaped,1,agent,,"'<option value="""">— Select Agent —</option>' +
      (state.agents || []).map(function(a) {
        return '<option value=""' + x(a.agentId) + '"">' + x(a.hostname || a.agentId) + '</option>';
      }).join('')"
initComplianceTab:fwSel:=:18790df34fb9,5469,initComplianceTab,fwSel,=,static,static,0,,,"'<option value="""">Error loading frameworks</option>'"
initComplianceTab:fwSel:=:d5816a8a7e4c,5465,initComplianceTab,fwSel,=,unescaped_html,unescaped_html,4,user_created_name,,"_cmpFrameworks.map(function(f) {
        return '<option value=""' + f.id + '"">' + f.name + ' ' + f.version + '</option>';
      }).join('')"
initiativeRenderAttachList:list:=:c01a0a69ce8b,13115,initiativeRenderAttachList,list,=,unescaped_html,unescaped_html,4,,,"filtered.map(function(j) {
    var checked = j.id === state.INIT_ATTACH_SELECTED ? 'checked' : '';
    return '<label class=""g1-display-flex g1-s-870226af"">' +
      '<input type=""radio"" name=""init-attach-radio"" value=""' + x(j.id) + '"" ' + checked + x('change', 'initiativeAttachSelect') + '>' +
      '<span class=""g1-s-dbdd527f"">' + x(j.id.slice(0, 8)) + '</span>' +
      '<span>' + x(j.type) + '<"
initiativeRenderAttachList:list:=:f1ce0ff84120,13112,initiativeRenderAttachList,list,=,static,static,0,,,"'<div class=""tiny muted g1-s-d1aafd03"">No unassigned jobs found.</div>'"
initiativeShowDrawerError:if (el) el:=:6720deede4b8,13008,initiativeShowDrawerError,if (el) el,=,escaped,escaped,1,,,"msg ? '<div class=""tiny u-danger"">' + x(msg) + '</div>' : ''"
kpiGaugeCard:document.getElementById('run-kpi-strip'):=:9f61190ab079,17454,kpiGaugeCard,document.getElementById('run-kpi-strip'),=,partial_escaped,partial_escaped,3,,,"'<div class=""kpi-row"" style=""grid-template-columns:repeat(6,1fr)"">' +
          '<div class=""kpi-card""><div class=""kpi-label"">Overall Security Score</div><div class=""kpi-value"">' + prevPct + '<span style=""font-size:0.9rem;color:var(--muted)"">/100</span></div><div class=""kpi-sub"">' + (deltaHtml || '—') + '</div></div>' +
          kpiGaugeCard('Detection Rate', detRate, pass + ' / ' + results.lengt"
kv:document.getElementById('campaigns-detail'):=:fb43cd0d56fa,8491,kv,document.getElementById('campaigns-detail'),=,partial_escaped,partial_escaped,3,user_created_name,,"'<div style=""display:flex;align-items:flex-start;justify-content:space-between;gap:1rem;margin-bottom:1rem;flex-wrap:wrap"">' +
        '<div><a class=""tiny"" style=""color:var(--accent);cursor:pointer""' + x('click', 'closeCampaignDetail') + '>&larr; Campaigns</a>' +
        '<h1 style=""font-family:var(--font-display);font-size:1.5rem;font-weight:700;letter-spacing:-0.02em;margin:0.3rem 0;color:var(-"
lg:afEl:=:045b2d7bf19f,12100,lg,afEl,=,static,static,0,,,"'<div class=""empty"" style=""padding:1.5rem"">No kill-chain data for the latest run.</div>'"
lg:afEl:=:742a1d68308b,12104,lg,afEl,=,static,static,0,,,"'<div class=""empty"" style=""padding:1.5rem"">Attack flow unavailable.</div>'"
lg:afEl:=:af6127e6cf99,12101,lg,afEl,=,indirect_builder,unescaped_html,4,,killChainNodes() @L20293 (scope-resolved): 1 return(s) -> unescaped_html,"'<div class=""killchain"">' + killChainNodes(kc) + '</div>'"
lg:attckEl:=:15344d1eaefd,12184,lg,attckEl,=,unescaped_html,unescaped_html,4,,,"tactics.map(function(tactic) {
        var d = tacticMap[tactic];
        var total = d.pass + d.fail;
        var pct = total ? Math.round((d.pass / total) * 100) : 0;
        var col = _riskScoreColor(pct);
        return '<div class=""bar-row"">' +
          '<div class=""bar-label""><span style=""text-transform:capitalize"">' + x(tactic) + '</span><span style=""color:' + col + '"">' + pct + '%</span><"
lg:attckEl:=:29910ff5e4fc,12182,lg,attckEl,=,static,static,0,,,"'<div class=""empty"" style=""padding:1.5rem;grid-column:1/-1"">No run data yet.</div>'"
lg:bodyEl:=:e7f5a6fa079b,12234,lg,bodyEl,=,unescaped_html,unescaped_html,4,agent,,"top.length ? top.map(function(f) {
            return '<div class=""lrow u-pointer""' + x('click', 'openFindingFromDashboard', f.id) + '>' +
              '<div class=""lmain""><div class=""lt"">' + x(f.techniqueName || f.techniqueId) + '</div>' +
              '<div class=""ls""><span class=""tech-id"">' + x(f.techniqueId) + '</span> · ' + x(f.controlClass) + ' · ' + x(f.agentId) + '</div></div>' +
       "
lg:donutEl:=:b908d493e3d4,12070,lg,donutEl,=,partial_escaped,partial_escaped,3,,,"'<div style=""position:relative;flex-shrink:0"">' +
          donutSVG([
            { v: eff.prevented, color: 'var(--teal)' },
            { v: eff.detected, color: 'var(--warning)' },
            { v: eff.missed, color: 'var(--danger)' },
            { v: eff.other, color: 'var(--elevated)' }
          ]) +
          '<div style=""position:absolute;inset:0;display:flex;flex-direction:column;align-"
lg:rrEl:=:40cfa668e770,12113,lg,rrEl,=,unescaped_html,unescaped_html,4,user_created_name,,"recent.map(function(r) {
        var cnt = (r.results || []).length;
        var fail = (r.results || []).filter(function(c) { return c.result === 'fail'; }).length;
        var scoreStr = '—';
        var scol = 'var(--text-dim)';
        if (r.score && r.score.preventionScore != null) {
          var pp = Math.round(r.score.preventionScore);
          var ta = r.score.trend === 'Improving' ? ' ↑"
lg:rrEl:=:a15994e328c4,12111,lg,rrEl,=,static,static,0,,,"'<div class=""empty"" style=""padding:1.5rem"">No runs yet.</div>'"
lg:tfEl:=:3c8626d1c7ac,12156,lg,tfEl,=,static,static,0,,,"'<div class=""empty"" style=""padding:1.5rem"">No failures recorded.</div>'"
lg:tfEl:=:e009cf04aee2,12159,lg,tfEl,=,unescaped_html,unescaped_html,4,user_created_name,,"topFails.map(function(t) {
        var pct = Math.round((t.fail / (t.fail + t.pass)) * 100);
        var w = Math.round((t.fail / maxFail) * 100);
        return '<div class=""bar-row"">' +
          '<div class=""bar-label""><span style=""color:var(--text-dim)"">' + x(t.name) + '</span><span>' + t.fail + ' fail &middot; ' + pct + '%</span></div>' +
          '<div class=""bar-track""><div class=""bar-fill"
list:document.getElementById('results-body'):=:230d8358dc8e,9706,list,document.getElementById('results-body'),=,indirect_variable,partial_escaped,3,,1 assignment(s) to 'body' inside openTechnique() @L9691 (scope-resolved) -> partial_escaped,body
list:document.getElementById('results-body'):=:4eb1c57d1f9c,12488,list,document.getElementById('results-body'),=,partial_escaped,partial_escaped,3,"agent,threat_intel,user_created_name",,"'<div style=""margin-bottom:0.9rem"">' + findingSevBadge(f.severity, f.exposureState) +
        ' <span class=""sbadge s-' + findingStatusClass(f.status) + '"">' + x((f.status || '').replace('_', ' ')) + '</span></div>' +
      row('Technique', '<span class=""tech-id"">' + x(f.techniqueId) + '</span> ' + x(f.techniqueName)) +
      row('Tactic', x(f.tactic)) + row('Expected control', x(f.controlClass)) "
list:document.getElementById('results-export'):=:cfdd80621952,12460,list,document.getElementById('results-export'),=,partial_escaped,partial_escaped,3,,,(actions ? actions + ' ' : '') + pushBtn + (pushBtn && respondBtn ? ' ' : '') + respondBtn
loadAPHistory:tb:=:19f226136597,14966,loadAPHistory,tb,=,static,static,0,,,"'<tr><td colspan=""7"" class=""empty"">Loading…</td></tr>'"
loadAPHistory:tb:=:1e8414e7c561,14988,loadAPHistory,tb,=,escaped,escaped,1,error_message,,"'<tr><td colspan=""7"" class=""empty"">' + x(e.message) + '</td></tr>'"
loadAPHistory:tb:=:b41e906344fa,14969,loadAPHistory,tb,=,static,static,0,,,"'<tr><td colspan=""7"" class=""empty"">No collection history yet.</td></tr>'"
loadAPHistory:tb:=:e93f630359cd,14972,loadAPHistory,tb,=,unescaped_html,unescaped_html,4,agent,,"rows.map(function(r) {
      var ts = r.collectedAt ? new Date(r.collectedAt).toLocaleString('en-GB',{day:'2-digit',month:'short',hour:'2-digit',minute:'2-digit'}) : '—';
      var statusBadge = r.status === 'completed'
        ? '<span class=""u-success"">&#10003; Completed</span>'
        : '<span class=""u-danger"">&#10005; ' + x(r.status) + (r.errorMsg ? ': ' + x(r.errorMsg.slice(0,40)) : '') + '<"
loadARTContentStatus:document.getElementById('cs-art-status'):=:f83cfb2e045d,19789,loadARTContentStatus,document.getElementById('cs-art-status'),=,static,static,0,,,"'<span class=""u-danger"">Error checking status</span>'"
loadARTContentStatus:statusEl:=:85ac724b048e,19749,loadARTContentStatus,statusEl,=,static,static,0,,,"'<span class=""g1-display-inline-block g1-s-d9fd6a0b""></span><span class=""u-warning"">Not seeded</span>'"
loadARTContentStatus:statusEl:=:f648e57eafe2,19747,loadARTContentStatus,statusEl,=,static,static,0,,,"'<span class=""g1-display-inline-block g1-s-a3bc72af""></span><span class=""u-success"">Seeded</span>'"
loadAgentRiskSummary:if (tb) tb:=:19f226136597,19279,loadAgentRiskSummary,if (tb) tb,=,static,static,0,,,"'<tr><td colspan=""7"" class=""empty"">Loading…</td></tr>'"
loadAgtAttackPath:pane:=:288757584172,5376,loadAgtAttackPath,pane,=,escaped,escaped,1,error_message,,"'<div style=""padding:1rem;color:var(--danger)"">' + x(e.message) + '</div>'"
loadAgtAttackPath:pane:=:43b384bfff79,5332,loadAgtAttackPath,pane,=,static,static,0,,,"'<div style=""color:var(--muted);padding:1rem"">Loading…</div>'"
loadAgtAttackPath:pane:=:6a8bdfbcf6ec,5366,loadAgtAttackPath,pane,=,unescaped_html,unescaped_html,4,,,"'<div style=""padding:0.75rem 1.25rem 0"">' +
      '<table style=""width:100%;border-collapse:collapse;font-size:0.79rem"">' +
      '<thead><tr style=""border-bottom:1px solid var(--border)"">' +
      '<th style=""padding:0.3rem 0.5rem;font-weight:600;font-size:0.7rem;color:var(--muted);text-align:left"">Time</th>' +
      '<th style=""padding:0.3rem 0.5rem;font-weight:600;font-size:0.7rem;color:var(--m"
loadAgtAttackPath:pane:=:da5763be1e80,5335,loadAgtAttackPath,pane,=,static,static,0,agent,,"'<div style=""padding:1rem;color:var(--muted)"">No attack-path jobs found for this agent.</div>'"
loadAgtHealth:pane:=:288757584172,5243,loadAgtHealth,pane,=,escaped,escaped,1,error_message,,"'<div style=""padding:1rem;color:var(--danger)"">' + x(e.message) + '</div>'"
loadAgtHealth:pane:=:43b384bfff79,5229,loadAgtHealth,pane,=,static,static,0,,,"'<div style=""color:var(--muted);padding:1rem"">Loading…</div>'"
loadAgtHealth:pane:=:d5a054771a40,5241,loadAgtHealth,pane,=,unescaped_html,unescaped_html,4,,,"'<div style=""padding:1rem 1.25rem;display:grid;grid-template-columns:repeat(auto-fit,minmax(260px,1fr));gap:0.85rem"">' + cards + '</div>'"
loadAgtLogs:pane:=:60b1035f544d,5147,loadAgtLogs,pane,=,unescaped_html,unescaped_html,4,,,"tierBtns +
      '<div style=""overflow-y:auto;padding:0 1.25rem 1rem"">' +
      '<table style=""width:100%;border-collapse:collapse;font-size:0.79rem"">' +
      '<tbody>' + tbody + '</tbody></table></div>'"
loadAgtLogs:pane:=:b8f9c6af53e6,5152,loadAgtLogs,pane,=,partial_escaped,partial_escaped,3,error_message,,"tierBtns + '<div style=""padding:1rem;color:var(--danger)"">' + x(e.message) + '</div>'"
loadAgtOverview:pane:=:288757584172,5002,loadAgtOverview,pane,=,escaped,escaped,1,error_message,,"'<div style=""padding:1rem;color:var(--danger)"">' + x(e.message) + '</div>'"
loadAgtOverview:pane:=:43b384bfff79,4938,loadAgtOverview,pane,=,static,static,0,,,"'<div style=""color:var(--muted);padding:1rem"">Loading…</div>'"
loadAgtOverview:pane:=:b7211515933c,4945,loadAgtOverview,pane,=,partial_escaped,partial_escaped,3,"agent,scenario,user_created_name",,"'<div style=""padding:1rem 1.25rem"">' +
      '<div style=""display:grid;grid-template-columns:1fr 1fr;gap:0.75rem 1.5rem;margin-bottom:1rem"">' +
      kv('Hostname',     x(a.hostname))    + kv('Agent ID', '<code style=""font-size:0.75rem"">' + x(a.agentId) + '</code>') +
      kv('IP Address',   x(a.ipAddress))   + kv('OS', x(a.osVersion || '—')) +
      kv('Username',     x(a.username))    + kv('Env"
loadAgtOverview:pane:=:c0900c037a1c,4941,loadAgtOverview,pane,=,static,static,0,,,"'<div style=""padding:1rem;color:var(--danger)"">Agent not found</div>'"
loadAgtRisk:if (panel) panel:=:775979a09db1,5250,loadAgtRisk,if (panel) panel,=,static,static,0,,,"'<div class=""empty"" style=""padding:2rem"">Loading…</div>'"
loadAgtRisk:if (panel) panel:=:a5895f159558,5253,loadAgtRisk,if (panel) panel,=,escaped,escaped,1,error_message,,"'<div class=""empty"">' + x(e.message) + '</div>'"
loadAgtScenarios:pane:=:288757584172,5060,loadAgtScenarios,pane,=,escaped,escaped,1,error_message,,"'<div style=""padding:1rem;color:var(--danger)"">' + x(e.message) + '</div>'"
loadAgtScenarios:pane:=:43b384bfff79,5030,loadAgtScenarios,pane,=,static,static,0,,,"'<div style=""color:var(--muted);padding:1rem"">Loading…</div>'"
loadAgtScenarios:pane:=:56f8dd6f831b,5033,loadAgtScenarios,pane,=,static,static,0,agent,,"'<div style=""padding:1rem;color:var(--muted)"">No scenario runs found for this agent.</div>'"
loadAgtScenarios:pane:=:ef1e71317aff,5050,loadAgtScenarios,pane,=,unescaped_html,unescaped_html,4,,,"'<div style=""padding:1rem 1.25rem"">' +
      '<table style=""width:100%;border-collapse:collapse;font-size:0.8rem"">' +
      '<thead><tr style=""color:var(--muted);font-size:0.7rem;text-transform:uppercase;border-bottom:1px solid var(--border)"">' +
      '<th style=""padding:0.4rem 0.5rem 0.4rem 0;text-align:left"">Scenario</th>' +
      '<th style=""padding:0.4rem 0.5rem;text-align:left"">When</th>' +
"
loadAttackPath:if (body) body:=:775979a09db1,5677,loadAttackPath,if (body) body,=,static,static,0,,,"'<div class=""empty"" style=""padding:2rem"">Loading…</div>'"
loadBackups:if (wrap) wrap:=:3c9dd93efc6b,8157,loadBackups,if (wrap) wrap,=,escaped,escaped,1,error_message,,"'<div class=""empty g1-s-8e56e4c3"">' + x(e.message) + '</div>'"
loadBackups:if (wrap) wrap:=:afdd8b555a5d,8151,loadBackups,if (wrap) wrap,=,escaped,escaped,1,,,"'<div class=""empty g1-s-8e56e4c3"">' + x(jobs.error) + '</div>'"
loadCalderaStatus:document.getElementById('cs-caldera-status'):=:e392dad8b085,9251,loadCalderaStatus,document.getElementById('cs-caldera-status'),=,indirect_variable,static,0,,3 assignment(s) to 'dot' inside loadCalderaStatus() @L9236 (scope-resolved) -> static,dot
loadCalderaStatus:document.getElementById('cs-caldera-status'):=:f83cfb2e045d,9277,loadCalderaStatus,document.getElementById('cs-caldera-status'),=,static,static,0,,,"'<span class=""u-danger"">Error checking status</span>'"
loadComplianceScores:el:=:22556fcfd491,9056,loadComplianceScores,el,=,static,static,0,,,"'<div class=""g1-s-b32f8255"">No compliance data yet — run a scenario to generate scores.</div>'"
loadComplianceScores:el:=:39fb08138cd0,9059,loadComplianceScores,el,=,unescaped_text,unescaped_text,4,,,scores.map(complianceTile).join('')
loadCoverage:document.getElementById('cov-matrix'):=:6087e3ce4ca1,9664,loadCoverage,document.getElementById('cov-matrix'),=,escaped,escaped,1,error_message,,"'<div class=""empty g1-s-be6df18e"">' + x(e.message) + '</div>'"
loadCoverageMatrix:body:=:33f2a6ace2f9,5968,loadCoverageMatrix,body,=,static,static,0,,,"'<tr><td colspan=""6"" class=""empty"">Loading&hellip;</td></tr>'"
loadCoverageMatrix:body:=:3b7e776d736b,5979,loadCoverageMatrix,body,=,unescaped_html,unescaped_html,4,,,"rows.map(function(r) {
        return '<tr>' +
          '<td class=""u-fw600"">' + x(r.techniqueId) + '</td>' +
          '<td>' + covStatusCell(r.simulationExists) + '</td>' +
          '<td>' + covStatusCell(r.detectionProfileExists) + '</td>' +
          '<td>' + covStatusCell(r.purpleExerciseExists) + '</td>' +
          '<td>' + covStatusCell(r.complianceMappingExists) + '</td>' +
          '<"
loadCoverageMatrix:body:=:6db277ff2d5b,5991,loadCoverageMatrix,body,=,escaped,escaped,1,error_message,,"'<tr><td colspan=""6"" class=""empty u-danger"">Failed to load: ' + x(e.message) + '</td></tr>'"
loadCoverageMatrix:body:=:6f49cdbd80e1,5974,loadCoverageMatrix,body,=,static_empty,static_empty,0,,,''
loadEmTab:gridEl:=:1988c3855d7f,10065,loadEmTab,gridEl,=,unescaped_html,unescaped_html,4,"agent,user_created_name",,"EM_CATALOG.map(function(e) {
      var run = lastRunMap[e.id];
      var p = 0, f = 0;
      if (run) {
        (run.results || []).forEach(function(c) {
          if (c.result === 'pass' || c.result === 'blocked') p++;
          else if (c.result === 'fail') f++;
        });
      }
      var pct = (p + f) ? Math.round(p / (p + f) * 100) : null;
      var col = pct === null ? 'var(--muted)' : _ri"
loadEmTab:summaryEl:=:0b3c56ec65da,10043,loadEmTab,summaryEl,=,static,static,0,api_response,,"'<div class=""empty"" style=""padding:0.5rem"">Run one or more EM scenarios to generate coverage data.</div>'"
loadEmTab:summaryEl:=:a1ac946a6dd4,10047,loadEmTab,summaryEl,=,partial_escaped,partial_escaped,3,,,"'<div style=""display:flex;align-items:center;gap:2rem;flex-wrap:wrap"">' +
            emSummaryBig(overallPct + '%', 'Overall Score', col) +
            emSummaryBig(layersRun + '/14', 'Layers Run', 'var(--text)') +
            emSummaryBig(layersPass + '', 'Layers Passing', 'var(--success)') +
            emSummaryBig(layersFail + '', 'Layers Failing', layersFail ? 'var(--danger)' : 'var(--muted)"
loadEndpointPostureWidget:tiles:=:e5e239560bc1,8932,loadEndpointPostureWidget,tiles,=,indirect_variable,partial_escaped,3,,3 assignment(s) to 'html' inside loadEndpointPostureWidget() @L8903 (scope-resolved) -> partial_escaped,html
loadExercisesTab:body:=:171b52a67827,14574,loadExercisesTab,body,=,escaped,escaped,1,user_created_name,,"plans.map(function(p) {
      return '<tr>' +
        '<td>' + x(p.name) + '</td>' +
        '<td>' + (p.steps ? p.steps.length : 0) + '</td>' +
        '<td class=""tiny muted"">' + x(p.created_at || '') + '</td>' +
        '<td><button class=""btn btn-primary btn-sm""' + x('click', 'launchExercisePrompt', p.id) + '>Launch</button></td>' +
        '</tr>';
    }).join('')"
loadExercisesTab:body:=:6f49cdbd80e1,14572,loadExercisesTab,body,=,static_empty,static_empty,0,,,''
loadExercisesTab:body:=:6f49cdbd80e1,14587,loadExercisesTab,body,=,static_empty,static_empty,0,,,''
loadExercisesTab:body:=:dde610979c8b,14589,loadExercisesTab,body,=,unescaped_html,unescaped_html,4,user_created_name,,"execs.map(function(e) {
      var live = e.status === 'running' || e.status === 'paused';
      var progress = e.steps_total
        ? (e.steps_done || 0) + ' / ' + e.steps_total + ' steps'
        : '<span class=""tiny muted"">—</span>';
      var abortBtn = live
        ? '<button class=""btn btn-outline-red btn-sm""' + x('click', 'abortExecutionStop', e.id) + '>&#9632; Abort</button>'
        : '';"
loadExposureAssets:body:=:53ffa97366ab,5732,loadExposureAssets,body,=,static,static,0,,,"'<tr><td colspan=""8"" class=""empty"">Loading…</td></tr>'"
loadExposureAssets:body:=:7aa750446b7d,5735,loadExposureAssets,body,=,static,static,0,,,"'<tr><td colspan=""8"" class=""empty"">No assets found — enroll an agent or run attack-path collection.</td></tr>'"
loadExposureAssets:body:=:bfee51193562,5738,loadExposureAssets,body,=,unescaped_html,unescaped_html,4,,,"assets.map(function(a) {
      return '<tr class=""u-pointer""' + x('click', 'openExposureDetail', a.asset.hostKey) + '>' +
        '<td class=""u-fw600"">' + x(a.asset.label) + '</td>' +
        '<td>' + (a.asset.managed ? '<span class=""badge"">Managed</span>' : '<span class=""badge u-muted"">Discovered</span>') + '</td>' +
        '<td style=""color:' + apColor(a.exposureScore) + ';font-weight:700"">' + "
loadExposureAssets:body:=:e2f15271ecc0,5751,loadExposureAssets,body,=,escaped,escaped,1,error_message,,"'<tr><td colspan=""8"" class=""empty u-danger"">Failed to load: ' + x(e.message) + '</td></tr>'"
loadFindingTickets:container:=:3b0ad29b6834,12728,loadFindingTickets,container,=,static,static,0,,,"'<div class=""tiny muted"" style=""padding:0.3rem 0"">No tickets yet.</div>'"
loadFindingTickets:container:=:d3ba7728b85f,12731,loadFindingTickets,container,=,unescaped_html,unescaped_html,4,,,"tickets.map(function(t) {
      var statusColor = t.status === 'resolved' ? 'var(--success)' : t.status === 'open' ? 'var(--warning)' : 'var(--muted)';
      var link = t.ticketUrl ? '<a href=""' + x(t.ticketUrl) + '"" target=""_blank"" rel=""noopener"" style=""color:var(--accent);font-size:0.78rem;margin-left:0.4rem"">↗</a>' : '';
      var reval = t.revalidationRequired ? ' <span class=""sbadge"" style=""b"
loadFindingTickets:if (container) container:=:020617a0dd2e,12740,loadFindingTickets,if (container) container,=,static,static,0,,,"'<div class=""tiny muted"">Failed to load tickets.</div>'"
loadIOCRegistry:if (el) el:=:6f49cdbd80e1,13855,loadIOCRegistry,if (el) el,=,static_empty,static_empty,0,,,''
loadIOCRegistry:tbody:=:f0443ab03823,13882,loadIOCRegistry,tbody,=,escaped,escaped,1,error_message,,"'<tr><td colspan=""9"" class=""empty"">Failed to load: ' + x(e.message || 'unknown error') + '</td></tr>'"
loadIOCRegistry:tbody:=:f799a3a2f7e0,13873,loadIOCRegistry,tbody,=,static,static,0,,,"'<tr><td colspan=""9"" class=""empty"">Loading…</td></tr>'"
loadKEVWidget:tiles:=:fd8f7ce0da32,8867,loadKEVWidget,tiles,=,unescaped_html,unescaped_html,4,,,"hasKev ?
      '<div class=""kpi-card stat-tile"" title=""Techniques with CISA KEV CVEs — create a pack to validate them"">' +
      '<div class=""stat-top""><div><div class=""kpi-label"">KEV-Linked Techniques</div><div class=""kpi-value u-danger"">' + pack.techniqueCount + '</div></div>' +
      '<div class=""stat-icon"" style=""background:rgba(218,54,51,0.10);color:var(--danger)"">&#9760;</div></div>' +
     "
loadLicenseInfo:wrap:=:10d5fb476400,8108,loadLicenseInfo,wrap,=,escaped,escaped,1,,,"'<div class=""empty g1-s-8e56e4c3"">' + x(lic.error) + '</div>'"
loadLicenseInfo:wrap:=:3c9dd93efc6b,8127,loadLicenseInfo,wrap,=,escaped,escaped,1,error_message,,"'<div class=""empty g1-s-8e56e4c3"">' + x(e.message) + '</div>'"
loadLicenseInfo:wrap:=:62f00322d3e6,8114,loadLicenseInfo,wrap,=,partial_escaped,partial_escaped,3,,,"'<div class=""conn-cfg-card g1-s-ed5b0ac3"">' +
        '<div class=""g1-display-flex g1-s-7cd1f313"">' +
          '<div class=""g1-s-0c5a3e12"">Entitlement</div>' +
          '<span class=""sbadge g1-s-1b1dd8f9""' + cssVars(['g1-v-9a515764', statusColor], ['g1-v-7d75dfc9', statusColor], ['g1-v-d59a9269', statusColor]) + '>' + statusLabel + '</span>' +
        '</div>' +
        _licRow('Customer',    x("
loadLicenseInfo:wrap:=:af7214f2c97c,8106,loadLicenseInfo,wrap,=,static,static,0,,,"'<div class=""empty g1-s-be6df18e"">Loading…</div>'"
loadOpenAEVConfig:configPanel:=:44e8a8bb59a5,14386,loadOpenAEVConfig,configPanel,=,escaped,escaped,1,openaev,,"'<div class=""kpi-row"">' +
          '<input id=""oaev-url"" type=""text"" placeholder=""https://openaev.example.local"" value=""' + x(cfg.baseUrl || '') + '"" class=""inp-sm u-flex1"">' +
          '<input id=""oaev-token"" type=""password"" placeholder=""Bearer token (leave blank to keep current)"" class=""inp-sm u-flex1"">' +
          '<label class=""tiny muted"" style=""display:flex;align-items:center;gap:0.3rem"">"
loadOpenAEVConfig:configPanel:=:6f49cdbd80e1,14401,loadOpenAEVConfig,configPanel,=,static_empty,static_empty,0,,,''
loadOpenAEVScenarios:body:=:6f49cdbd80e1,14462,loadOpenAEVScenarios,body,=,static_empty,static_empty,0,,,''
loadOpenAEVScenarios:body:=:c54a183e5be8,14467,loadOpenAEVScenarios,body,=,unescaped_html,unescaped_html,4,openaev,,"list.map(function(sc) {
      return '<tr class=""u-pointer""' + x('click', 'openOpenAEVDetail', sc.OpenAEVScenarioID) + '>' +
        '<td>' + x(sc.Name) + '</td>' +
        '<td>' + x(sc.Category) + '</td>' +
        '<td>' + x(sc.Severity) + '</td>' +
        '<td>' + (sc.TechniqueIDs || []).length + '</td>' +
        '<td>' + sc.InjectsCount + '</td>' +
        '<td class=""tiny muted"">' + x(sc.S"
loadRansomwareReadiness:bodyEl:=:58ea64551b13,15076,loadRansomwareReadiness,bodyEl,=,static,static,0,,,"'<div class=""empty g1-s-dab79d7d"">Run the <strong>Ransomware Drill</strong> or <strong>EM-07</strong> scenario to generate a readiness score.</div>'"
loadRansomwareReadiness:bodyEl:=:c59575a9720e,15148,loadRansomwareReadiness,bodyEl,=,partial_escaped,partial_escaped,3,"agent,user_created_name",,"'<div class=""g1-display-flex g1-s-d7f84b58"">' +
      scoreHtml +
      '<div class=""g1-s-28637295"">' + barsHtml + '</div>' +
      '<div class=""g1-display-flex g1-s-7d5960f3"">' +
        '<div><span class=""g1-s-13457f1d"">' + x(rrRun.name || rrRun.scenarioId) + '</span></div>' +
        '<div>' + (rrRun.agentId ? 'Agent: ' + x(rrRun.agentId) : '') + '</div>' +
        '<div class=""g1-s-f6c1493f"">'"
loadReadinessTrends:el:=:8b32cd795356,8962,loadReadinessTrends,el,=,unescaped_html,unescaped_html,4,,,"rows.map(function(t) {
      var arrow = t.direction === 'up'
        ? '<span style=""color:var(--success);font-weight:700"">&#8679; +' + t.preventionDelta.toFixed(1) + '%</span>'
        : t.direction === 'down'
        ? '<span style=""color:var(--danger);font-weight:700"">&#8681; ' + t.preventionDelta.toFixed(1) + '%</span>'
        : '<span class=""u-muted"">&#8213;</span>';
      var prevColor = _"
loadReadinessTrends:summary:=:17c655bcb80a,8955,loadReadinessTrends,summary,=,unescaped_html,unescaped_html,4,api_response,,"'<span style=""margin-right:1rem""><strong class=""u-success"">' + improved + '</strong> improved</span>' +
        '<span style=""margin-right:1rem""><strong class=""u-danger"">' + regressed + '</strong> regressed</span>' +
        '<span><strong>' + data.total + '</strong> actors tracked</span>'"
loadRecommendations:body:=:19f226136597,6172,loadRecommendations,body,=,static,static,0,,,"'<tr><td colspan=""7"" class=""empty"">Loading…</td></tr>'"
loadRecommendations:body:=:45fc1c5a0961,6176,loadRecommendations,body,=,escaped,escaped,1,error_message,,"'<tr><td colspan=""7"" class=""empty u-danger"">Failed to load: ' + x(e.message) + '</td></tr>'"
loadRemediations:document.getElementById('rem-list'):=:9bbe032fcd11,12524,loadRemediations,document.getElementById('rem-list'),=,escaped,escaped,1,error_message,,"'<div class=""empty"" style=""padding:2rem"">' + x(e.message) + '</div>'"
loadReports:document.getElementById('rep-available'):=:568454456a1f,15220,loadReports,document.getElementById('rep-available'),=,static,static,0,agent,,"'<div class=""empty"" style=""padding:1.25rem"">Could not load agents.</div>'"
loadReports:el:=:211a4d2abf4a,15203,loadReports,el,=,static,static,0,,,"'<div class=""empty"" style=""padding:1.25rem"">No agents with completed runs yet. Run a scenario, then generate its report here.</div>'"
loadReports:el:=:b1f98f11e298,15207,loadReports,el,=,unescaped_html,unescaped_html,4,,,"ids.map(function(id) {
      var host = hostOf[id] || id, n = byAgent[id].runs, lastName = byAgent[id].lastName;
      return '<div class=""rep-row"">' +
        '<div class=""rep-ic"">' + d + '</div>' +
        '<div class=""rep-main""><div class=""rep-host"">' + x(host) + '</div>' +
          '<div class=""rep-sub"">Reports on: <strong class=""u-text"">' + x(lastName || 'unnamed scenario') + '</strong> (lat"
loadRuns:tbody:=:f259d05495ad,15598,loadRuns,tbody,=,static,static,0,,,"'<tr><td colspan=""9"" class=""empty"">No runs yet. Go to Scenarios and run one.</td></tr>'"
loadSIEMCorrelationPanel:el:=:a0696ac13148,18088,loadSIEMCorrelationPanel,el,=,partial_escaped,partial_escaped,3,,,"'<div style=""padding:1rem 0 0.5rem"">' +
        '<div style=""display:flex;gap:1.5rem;margin-bottom:1rem;flex-wrap:wrap"">' +
          '<div class=""u-center"">' +
            '<div style=""font-size:1.7rem;font-weight:700;color:' + color + '"">' + detRate + '%</div>' +
            '<div style=""font-size:0.68rem;color:var(--muted);text-transform:uppercase;letter-spacing:.06em"">SIEM Detection Rate</div>"
loadSimCoverage:bodyEl:=:5b3e9dfbf888,19917,loadSimCoverage,bodyEl,=,unescaped_html,unescaped_html,4,,,"rows.map(function(r, i) {
        var rowClass = i % 2 === 0 ? '' : ' g1-s-ab376776';
        var isVariantRow = r[0].indexOf('Variant Engine') !== -1;
        var isSection = !!sectionKeys[r[0]];
        var textClass = isVariantRow ? 'g1-s-c941d204'
                      : isSection    ? 'g1-s-7069a0c6'
                      :                'g1-s-eac76940';
        var numClass = isVariantRow
 "
loadTAXIIConnectors:tbody:=:1f42fbd5bac8,19561,loadTAXIIConnectors,tbody,=,escaped,escaped,1,error_message,,"'<tr><td colspan=""6"" class=""empty"">Failed to load: ' + x(e.message || 'unknown error') + '</td></tr>'"
loadTAXIIConnectors:tbody:=:e683e20284c5,19556,loadTAXIIConnectors,tbody,=,static,static,0,,,"'<tr><td colspan=""6"" class=""empty"">Loading…</td></tr>'"
loadThreatIntelConfig:if (panel) panel:=:6f49cdbd80e1,19441,loadThreatIntelConfig,if (panel) panel,=,static_empty,static_empty,0,,,''
loadThreatIntelConfig:panel:=:d0348085206d,19450,loadThreatIntelConfig,panel,=,partial_escaped,partial_escaped,3,,,"'<div class=""kpi-row"">' +
        urlField +
        '<input id=""ti-' + name + '-key"" type=""password"" placeholder=""API key (leave blank to keep current)"" class=""inp-sm u-flex1"">' +
        insecureField +
        '<label class=""tiny muted g1-display-flex g1-s-4f83cf12""><input type=""checkbox"" id=""ti-' + name + '-enabled"" ' + (cfg.enabled ? 'checked' : '') + '> Enabled</label>' +
      '</div>' +
  "
loadThreatPriorityActors:body:=:2651c788f8da,6027,loadThreatPriorityActors,body,=,unescaped_html,unescaped_html,4,,,"TP_ACTOR_CACHE.map(function(a) {
        return '<tr class=""u-pointer""' + x('click', 'showThreatPriorityDetail', a.actorName) + '>' +
          '<td class=""u-fw600"">' + x(a.actorName) + '</td>' +
          '<td>' + tpTierBadge(a.tier) + '</td>' +
          '<td>' + x(a.score) + '</td>' +
          '<td>' + tpTrendCell(a.trend, a.trendDelta) + '</td>' +
          '<td>' + x(a.coverageGapCount) + ' "
loadThreatPriorityActors:body:=:2843e7de1bbf,6038,loadThreatPriorityActors,body,=,escaped,escaped,1,error_message,,"'<tr><td colspan=""5"" class=""empty u-danger"">Failed to load: ' + x(e.message) + '</td></tr>'"
loadThreatPriorityActors:body:=:6f49cdbd80e1,6022,loadThreatPriorityActors,body,=,static_empty,static_empty,0,,,''
loadThreatPriorityActors:body:=:f880d42927c9,6017,loadThreatPriorityActors,body,=,static,static,0,,,"'<tr><td colspan=""5"" class=""empty"">Loading&hellip;</td></tr>'"
loadUnifiedTechniques:sel:=:b2f5b56a3a23,9563,loadUnifiedTechniques,sel,=,escaped,escaped,1,,,"'<option value=""all"">All tactics</option>' +
        Object.keys(tacSet).sort().map(function(t) { return '<option value=""' + x(t) + '"">' + x(t) + '</option>'; }).join('')"
loadUsers:tbody:=:58af379b3e34,11745,loadUsers,tbody,=,static,static,0,,,"'<tr><td colspan=""6"" class=""empty"">No users found.</td></tr>'"
loadUsers:tbody:=:6598e2c0c746,11746,loadUsers,tbody,=,unescaped_html,unescaped_html,4,"api_response,user_created_name",,"data.map(function(u) {
      var statusBadge = u.isActive ? '<span class=""sbadge s-completed"">Active</span>' : '<span class=""sbadge s-offline"">Disabled</span>';
      var mustPw = u.mustChangePw ? ' <span class=""tag u-warning"">pw reset</span>' : '';
      var actions =
        '<button class=""btn btn-outline btn-sm""' + x('click', 'openEditUser', u.id, u.username, u.role) + '>Edit</button>' +
     "
loadVariantCoverage:el:=:5ad448abef7d,21189,loadVariantCoverage,el,=,static,static,0,,,"'<div class=""empty"" style=""padding:1.5rem"">No variant runs yet. Run variants on a technique to see coverage here.</div>'"
loadVariantCoverage:el:=:a79e43cbcf7f,21216,loadVariantCoverage,el,=,escaped,escaped,1,error_message,,"'<div class=""empty"" style=""color:var(--danger);padding:1rem"">' + x(e.message || 'Error loading coverage') + '</div>'"
loadVariantCoverage:el:=:c944b2f9b670,21186,loadVariantCoverage,el,=,static,static,0,,,"'<div class=""empty"" style=""padding:1.5rem"">Loading…</div>'"
loadVariantCoverage:el:=:e5e239560bc1,21214,loadVariantCoverage,el,=,indirect_variable,partial_escaped,3,,3 assignment(s) to 'html' inside loadVariantCoverage() @L21183 (scope-resolved) -> partial_escaped,html
loadVariantStats:el:=:357036e91e03,20735,loadVariantStats,el,=,indirect_builder,partial_escaped,3,,executions(): no declaration found anywhere in file; var(): no declaration found anywhere in file; vexStatCard() @L20748 (scope-resolved): 1 return(s) -> partial_escaped,"vexStatCard('Executed Variants',     s.executedVariants,       'var(--accent)', null,
        'How many individual variant executions (encoding \xd7 privilege \xd7 context combinations) have actually completed so far, summed across every finished variant run — not the total available.') +
      vexStatCard('Total Variants',        s.availableVariants,      'var(--text)',   artAtomic.toLocaleString"
loadVerificationTab:sel:=:d2a1edd66cf8,9758,loadVerificationTab,sel,=,indirect_variable,escaped,1,,1 assignment(s) to 'opts' inside loadVerificationTab() @L9741 (scope-resolved) -> escaped,opts
maybeShowLicenseGraceModal:overlay:=:d025516de3dc,19025,maybeShowLicenseGraceModal,overlay,=,indirect_builder,partial_escaped,3,,_licenseBannerHTML() @L18958 (scope-resolved): 1 return(s) -> partial_escaped,"'<div class=""g1-s-fd040b75"">' +
      _licenseBannerHTML(info) +
      '<div class=""g1-s-39cd98a9""><button id=""license-grace-modal-dismiss"" class=""g1-s-08ac4010"">Dismiss</button></div>' +
    '</div>'"
openAPAssets:document.getElementById('ap-assets-body'):=:a0dfbbddf3d5,6690,openAPAssets,document.getElementById('ap-assets-body'),=,static,static,0,,,"'<tr><td colspan=""5"" class=""empty"">Loading…</td></tr>'"
openAdvDrawer:abEl:=:10f800eddb16,4656,openAdvDrawer,abEl,=,static,static,0,,,"'<div style=""color:var(--muted);font-size:0.78rem"">Loading…</div>'"
openAdvDrawer:abEl:=:1bc301895d82,4692,openAdvDrawer,abEl,=,static,static,0,,,"'<div style=""color:var(--muted);font-size:0.78rem"">Could not load ability chain.</div>'"
openAdvDrawer:abEl:=:9b29f26921f0,4673,openAdvDrawer,abEl,=,unescaped_html,unescaped_html,4,user_created_name,,"abs.map(function(ab, i) {
      var col = tacticColors[ab.tactic] || 'var(--muted)';
      var badges = '';
      if ((ab.platforms || []).length) badges += '<span style=""font-size:0.65rem;padding:1px 5px;border-radius:7px;background:var(--surface);border:1px solid var(--border);color:var(--muted)"">' + x(ab.platforms.join('/')) + '</span>';
      if (ab.requiresPayload) badges += '<span style=""fon"
openAdvDrawer:abEl:=:b07cafbe5731,4668,openAdvDrawer,abEl,=,static,static,0,,,"'<div style=""color:var(--muted);font-size:0.78rem"">No abilities found.</div>'"
openAdvDrawer:runWrap:=:ab8284a36c79,4659,openAdvDrawer,runWrap,=,escaped,escaped,1,user_created_name,,"canRun
      ? '<button class=""btn btn-primary btn-sm u-w100""' + x('click', 'openAdvRunModal', adversaryId, adv ? adv.name : adversaryId) + '>&#9654; Run this adversary</button>'
      : ''"
openAdvRunModal:agSel:=:271855403668,4711,openAdvRunModal,agSel,=,unescaped_html,unescaped_html,4,agent,,"state.agents.map(function(a) {
    var os = a.osVersion ? ' [' + (a.osVersion.toLowerCase().indexOf('windows') !== -1 ? 'Win' : 'Other') + ']' : '';
    return '<option value=""' + x(a.agentId) + '"">' + x(a.agentId) + ' — ' + x(a.hostname) + os + '</option>';
  }).join('')"
openCampaignLaunch:document.getElementById('cmp-filter-env'):=:b3b728aa58f5,8588,openCampaignLaunch,document.getElementById('cmp-filter-env'),=,escaped,escaped,1,,,"'<option value="""">All environments</option>' +
    Object.keys(envs).map(function(e) { return '<option value=""' + x(e) + '"">' + x(e) + '</option>'; }).join('')"
openCampaignLaunch:document.getElementById('cmp-scenario'):=:49277d7d901c,8572,openCampaignLaunch,document.getElementById('cmp-scenario'),=,escaped,escaped,1,"scenario,user_created_name",,"'<option value="""">— Select a scenario —</option>' +
    state.scenarios.map(function(s) { return '<option value=""' + x(s.id) + '"">' + x(s.name) + '</option>'; }).join('')"
openCampaignLaunch:document.getElementById('cmp-scenario-preview'):=:6f49cdbd80e1,8574,openCampaignLaunch,document.getElementById('cmp-scenario-preview'),=,static_empty,static_empty,0,,,''
openCampaignLaunch:groupSel:=:b0bb4615fc24,8603,openCampaignLaunch,groupSel,=,escaped,escaped,1,,,"Object.keys(CMP.groupsById).map(function(id) {
      return '<option value=""' + x(id) + '"">' + x(CMP.groupsById[id]) + '</option>';
    }).join('')"
openCampaignLaunch:typeSel:=:d2a1edd66cf8,8595,openCampaignLaunch,typeSel,=,indirect_variable,static,0,,2 assignment(s) to 'opts' inside openCampaignLaunch() @L8567 (scope-resolved) -> static,opts
openCampaignRerunReview:document.getElementById('rerun-review-body'):=:a694e4076aeb,18276,openCampaignRerunReview,document.getElementById('rerun-review-body'),=,unescaped_html,unescaped_html,4,,,"rows.map(function(r) {
    return '<div class=""conn-cfg-row""><span class=""conn-cfg-label"">' + r[0] + '</span><span class=""conn-cfg-val"">' + r[1] + '</span></div>';
  }).join('')"
openCmdk:wrap:=:e5b2adf984bd,11579,openCmdk,wrap,=,static,static,0,,,"'<div class=""cmdk"" role=""dialog"" aria-label=""Command palette"">' +
      '<div class=""cmdk-in"">' +
        '<svg width=""16"" height=""16"" viewBox=""0 0 24 24"" fill=""none"" stroke=""currentColor"" stroke-width=""2""><circle cx=""11"" cy=""11"" r=""7""/><path d=""M21 21l-4-4""/></svg>' +
        '<input id=""cmdk-input"" placeholder=""Type a command or search…"" autocomplete=""off"">' +
        '<span class=""cmdk-esc"">esc"
openConfirmDiffModal:document.getElementById('confirm-diff-body'):=:2da3370e4143,9319,openConfirmDiffModal,document.getElementById('confirm-diff-body'),=,indirect_variable,escaped,1,,"diffHtml parameter, traced across all 5 call sites -- every one passes rows built exclusively from _diffRow()/_diffSecretRow(), both fully escaped internally via x().",diffHtml
openEMSweepModal:sel:=:449a6c764d46,10142,openEMSweepModal,sel,=,escaped,escaped,1,agent,,"state.agents.map(function(a) {
    return '<option value=""' + x(a.agentId) + '"">' + x(a.agentId) + ' — ' + x(a.hostname) + '</option>';
  }).join('')"
openEMSweepProgress:document.getElementById('em-sweep-progress-actions'):=:6f49cdbd80e1,10636,openEMSweepProgress,document.getElementById('em-sweep-progress-actions'),=,static_empty,static_empty,0,,,''
openExerciseDetail:document.getElementById('exercise-detail-body'):=:372807e2ccce,14733,openExerciseDetail,document.getElementById('exercise-detail-body'),=,unescaped_html,unescaped_html,4,,,"scoreHtml + stepsHtml + '<div style=""margin-top:0.75rem"">' + actions + '</div>'"
openExposureDetail:body:=:775979a09db1,6230,openExposureDetail,body,=,static,static,0,,,"'<div class=""empty"" style=""padding:2rem"">Loading…</div>'"
openGroupPicker:document.getElementById('gp-select'):=:e921aae928a4,6976,openGroupPicker,document.getElementById('gp-select'),=,partial_escaped,partial_escaped,3,,,"'<option value="""">' + topLabel + '</option>' +
    options.map(function(o) { return '<option value=""' + x(o.id) + '"">' + x(o.label) + '</option>'; }).join('')"
openIOCDetail:document.getElementById('results-export'):=:6f49cdbd80e1,13965,openIOCDetail,document.getElementById('results-export'),=,static_empty,static_empty,0,,,''
openInitiativeAttachDrawer:document.getElementById('init-attach-error'):=:6f49cdbd80e1,13090,openInitiativeAttachDrawer,document.getElementById('init-attach-error'),=,static_empty,static_empty,0,,,''
openInitiativeAttachDrawer:document.getElementById('init-attach-list'):=:40d67967490d,13097,openInitiativeAttachDrawer,document.getElementById('init-attach-list'),=,escaped,escaped,1,error_message,,"'<div class=""tiny g1-s-1bf97088"">' + x(e.message) + '</div>'"
openInitiativeAttachDrawer:document.getElementById('init-attach-list'):=:807662aba85b,13094,openInitiativeAttachDrawer,document.getElementById('init-attach-list'),=,escaped,escaped,1,api_response,,"'<div class=""tiny g1-s-1bf97088"">' + x(res.error) + '</div>'"
openInitiativeAttachDrawer:document.getElementById('init-attach-list'):=:b370a59d1e63,13091,openInitiativeAttachDrawer,document.getElementById('init-attach-list'),=,static,static,0,,,"'<div class=""tiny muted g1-s-d1aafd03"">Loading…</div>'"
openInitiativeCreateDrawer:document.getElementById('init-create-error'):=:6f49cdbd80e1,13036,openInitiativeCreateDrawer,document.getElementById('init-create-error'),=,static_empty,static_empty,0,,,''
openModal:document.getElementById('modal-agent'):=:aec9738cf908,15673,openModal,document.getElementById('modal-agent'),=,unescaped_html,unescaped_html,4,agent,,"state.agents.map(function(a) {
    var osLabel = '';
    if (a.osVersion) {
      var ov = a.osVersion.toLowerCase();
      osLabel = ov.indexOf('windows') !== -1 ? ' [Win]' : ov.indexOf('darwin') !== -1 || ov.indexOf('macos') !== -1 ? ' [macOS]' : ' [Linux]';
    }
    return '<option value=""' + x(a.agentId) + '""' + (a.agentId === preAgent ? ' selected' : '') + '>' +
           x(a.agentId) + ' —"
openModal:scSel:=:99fea35738b6,15662,openModal,scSel,=,escaped,escaped,1,"scenario,user_created_name",,"state.scenarios.map(function(s) {
    var desc = s.description ? ' — ' + (s.description.length > 90 ? s.description.substring(0, 87) + '...' : s.description) : '';
    return '<option value=""' + x(s.id) + '""' + (s.id === scenarioId ? ' selected' : '') + '>' + x(s.name) + x(desc) + '</option>';
  }).join('')"
openOpenAEVDetail:body:+=:e40d8a518ef9,14555,openOpenAEVDetail,body,+=,escaped,escaped,1,openaev,,"'<div style=""margin-top:1rem""><button class=""btn btn-primary btn-sm""' + x('click', 'createPlanFromOpenAEV', id) + '>Create Exercise Plan</button></div>'"
openOpenAEVDetail:body:=:26b9cf015d37,14553,openOpenAEVDetail,body,=,partial_escaped,partial_escaped,3,user_created_name,,"'<div class=""tiny muted"">' + x(d.detail.description || '') + '</div>' + injectsHtml"
openPickerWith:tacticSel:=:56ff914bbfc9,16301,openPickerWith,tacticSel,=,unescaped_html,unescaped_html,4,,,"'<option value=""all"">All tactics</option>' + tacticOpts"
openRemediation:document.getElementById('results-export'):=:ce24bb8c18a0,12582,openRemediation,document.getElementById('results-export'),=,escaped,escaped,1,,,"(ROLE === 'admin' || ROLE === 'analyst' ? '<button class=""btn btn-outline btn-sm""' + x('click', 'remSingleTicket', i) + '>&#128279; Create Ticket</button>' : '') +
    '<button class=""btn btn-primary btn-sm""' + x('click', 'revalidateRemediation', r.techniqueId) + '>&#8635; Re-validate</button>'"
openReportGen:document.getElementById('rep-agent'):=:449a6c764d46,15274,openReportGen,document.getElementById('rep-agent'),=,escaped,escaped,1,agent,,"state.agents.map(function(a) {
    return '<option value=""' + x(a.agentId) + '"">' + x(a.agentId) + ' — ' + x(a.hostname) + '</option>';
  }).join('')"
openReportGen:document.getElementById('rep-format'):=:f36948ae35eb,15278,openReportGen,document.getElementById('rep-format'),=,unescaped_html,unescaped_html,4,,,"fmts.map(function(f) {
    var lbl = f ? f.toUpperCase() : 'Package';
    if (type === 'posture' && f === 'csv') lbl = 'CSV (forensic)';
    return '<option value=""' + f + '"">' + lbl + '</option>';
  }).join('')"
openReportGen:document.getElementById('rep-fw'):=:cf81daeadfa1,15287,openReportGen,document.getElementById('rep-fw'),=,escaped,escaped,1,user_created_name,,"(fws || []).map(function(f) {
        return '<option value=""' + x(f.id) + '"">' + x(f.name || f.id) + '</option>';
      }).join('')"
openRerunReview:document.getElementById('rerun-review-body'):=:a694e4076aeb,18181,openRerunReview,document.getElementById('rerun-review-body'),=,unescaped_html,unescaped_html,4,,,"rows.map(function(r) {
    return '<div class=""conn-cfg-row""><span class=""conn-cfg-label"">' + r[0] + '</span><span class=""conn-cfg-val"">' + r[1] + '</span></div>';
  }).join('')"
openRespondModal:sel:=:204b8e4a701b,13642,openRespondModal,sel,=,static,static,0,,,"'<option value="""">No enabled connector configured</option>'"
openRespondModal:sel:=:d39662b3126f,13644,openRespondModal,sel,=,escaped,escaped,1,user_created_name,,"enabled.map(function(c) {
        return '<option value=""' + x(c.id) + '"" data-provider=""' + x(c.provider) + '"">' + x(c.name) + '</option>';
      }).join('')"
openSchedWizard:sel:=:894f3c4e7f0f,18469,openSchedWizard,sel,=,escaped,escaped,1,"scenario,user_created_name",,"state.scenarios.map(function(s) { return '<option value=""' + x(s.id) + '"">' + x(s.name) + '</option>'; }).join('')"
openSchedWizardForEdit:sel:=:894f3c4e7f0f,18526,openSchedWizardForEdit,sel,=,escaped,escaped,1,"scenario,user_created_name",,"state.scenarios.map(function(s) { return '<option value=""' + x(s.id) + '"">' + x(s.name) + '</option>'; }).join('')"
openSweepDrilldown:document.getElementById('sweep-drilldown-actions'):=:6f49cdbd80e1,14333,openSweepDrilldown,document.getElementById('sweep-drilldown-actions'),=,static_empty,static_empty,0,,,''
openSweepDrilldown:document.getElementById('sweep-drilldown-actions'):=:d62ae8a5d0c0,14341,openSweepDrilldown,document.getElementById('sweep-drilldown-actions'),=,escaped,escaped,1,,,"'<button class=""btn btn-outline btn-sm""' + x('click', 'openSweepReport', sweepId) + ' title=""Open the combined sweep report"">&#8599; HTML Report</button> ' +
      '<button class=""btn btn-outline btn-sm""' + x('click', 'downloadSweepReport', sweepId) + ' title=""Download the combined sweep report as a PDF file"">&#8595; PDF Report</button>'"
openSweepDrilldown:document.getElementById('sweep-drilldown-list'):=:1c7e431196ab,14344,openSweepDrilldown,document.getElementById('sweep-drilldown-list'),=,unescaped_html,unescaped_html,4,user_created_name,,"childRuns.map(function(r) {
      var badge = verdictBadge(r, r.status);
      var liveBtn = (r.id && r.status === 'running')
        ? '<button class=""btn btn-outline btn-sm"" ' + x('click', 'openRunPanelAction', r.id, r.name, (r.progress && r.progress.stepsTotal) || 0, r.mode || '', r.maxPrivilege || '') + '>&#9673; Live</button> '
        : '';
      // A cancelled/partial technique run never ge"
openSweepDrilldown:document.getElementById('sweep-drilldown-list'):=:6f49cdbd80e1,14334,openSweepDrilldown,document.getElementById('sweep-drilldown-list'),=,static_empty,static_empty,0,,,''
openTechnique:document.getElementById('results-export'):=:6f49cdbd80e1,9698,openTechnique,document.getElementById('results-export'),=,static_empty,static_empty,0,,,''
openTmplRun:if (srcsEl) srcsEl:=:35fcdf336154,4273,openTmplRun,if (srcsEl) srcsEl,=,unescaped_html,unescaped_html,4,,,"srcRows || '<span style=""color:var(--muted);font-size:0.8rem"">No sources configured for this template.</span>'"
pollVariantRun:if (p) p:=:7216b4ea81b4,21436,pollVariantRun,if (p) p,=,escaped,escaped,1,,,"'<div class=""card"" style=""padding:1.5rem;text-align:center;color:var(--muted)"">' +
          '<div style=""margin-bottom:0.5rem;font-size:0.9rem;color:var(--danger)"">Unable to retrieve execution status</div>' +
          '<div class=""tiny"" style=""font-family:var(--font-mono);margin-bottom:0.75rem"">' + x(vrId) + '</div>' +
          '<div class=""tiny muted"" style=""margin-bottom:0.75rem"">The run may "
pollVariantRun:if (panel) panel:=:852c6910cc5b,21407,pollVariantRun,if (panel) panel,=,escaped,escaped,1,,,"'<div class=""card"" style=""padding:1.5rem;text-align:center;color:var(--muted)"">' +
    '<div style=""margin-bottom:0.5rem;font-size:0.9rem"">Executing variants…</div>' +
    '<div class=""tiny"" style=""font-family:var(--font-mono);margin-bottom:0.75rem"">' + x(vrId) + '</div>' +
    '<div id=""vex-poll-status"" class=""tiny"" style=""min-height:1em;margin-bottom:0.5rem""></div>' +
    '<button class=""btn btn"
populateCoverageFilters:agSel:=:9863b81ed88c,9399,populateCoverageFilters,agSel,=,escaped,escaped,1,agent,,"'<option value="""">All agents</option>' +
      (state.agents || []).map(function(a) { return '<option value=""' + x(a.agentId) + '"">' + x(a.hostname || a.agentId) + '</option>'; }).join('')"
populateCoverageFilters:scenSel:=:0056b3f421bf,9391,populateCoverageFilters,scenSel,=,escaped,escaped,1,user_created_name,,"'<option value="""">All scenarios</option>' +
      (state.scenarios || []).map(function(s) { return '<option value=""' + x(s.id) + '"">' + x(s.name) + '</option>'; }).join('')"
populateVexAgents:if (sel) sel:=:d2a1edd66cf8,20777,populateVexAgents,if (sel) sel,=,indirect_variable,escaped,1,,1 assignment(s) to 'opts' inside populateVexAgents() @L20764 (scope-resolved) -> escaped,opts
populateVexAgents:if (sweepSel) sweepSel:=:d2a1edd66cf8,20779,populateVexAgents,if (sweepSel) sweepSel,=,indirect_variable,escaped,1,,1 assignment(s) to 'opts' inside populateVexAgents() @L20764 (scope-resolved) -> escaped,opts
populateVexTechniques:if (el) el:=:63e9d5f1a93f,20819,populateVexTechniques,if (el) el,=,static,static,0,,,"'<div style=""color:var(--danger);font-size:0.75rem;padding:0.4rem"">Failed to load techniques</div>'"
populateVexTechniques:tacSel:=:ce309d68b711,20814,populateVexTechniques,tacSel,=,indirect_variable,unescaped_html,4,,2 assignment(s) to 'tacOpts' inside populateVexTechniques() @L20791 (scope-resolved) -> unescaped_html,tacOpts
prepareRestore:wrap:=:15da57aec195,8242,prepareRestore,wrap,=,escaped,escaped,1,api_response,,"'<div class=""empty g1-s-9b78712f"">' + x(res.error) + '</div>'"
prepareRestore:wrap:=:8e12140b02f5,8243,prepareRestore,wrap,=,escaped,escaped,1,api_response,,"'<div class=""conn-cfg-card g1-s-7b0aa428"">' +
        '<div class=""g1-s-21b099fc"">Restore must be run on the host</div>' +
        '<div class=""g1-s-1236f559"">This console cannot and will not run this for you. An administrator with root access to the server must run the command below and type <b>RESTORE</b> to confirm.</div>' +
        '<code class=""g1-display-block g1-s-dca1d235"">' + x(res.restor"
rank:el:=:53dbb64ac0d2,12306,rank,el,=,unescaped_html,unescaped_html,4,,,"sorted.map(function(s) {
    var rate = slaRateDisplay(s.onTime, s.late, s.complianceRate);
    return '<div class=""bar-row"">' +
      '<div class=""bar-label""><span>' + x(s.severity) + '</span><span style=""color:' + rate.color + '"">' + rate.text + '</span></div>' +
      '<div class=""bar-track""><div class=""bar-fill"" style=""width:' + s.complianceRate + '%;background:' + rate.color + '""></div></div>"
rank:el:=:d0b2d3123aea,12305,rank,el,=,static,static,0,,,"'<div class=""empty"" style=""padding:1.25rem"">No severities with SLA episodes.</div>'"
refreshDashboardCampaigns:el:=:4d6db4ecdebe,9185,refreshDashboardCampaigns,el,=,unescaped_html,unescaped_html,4,user_created_name,,"liveList.map(function(c) {
      var s = c.summary || {};
      var cds = campaignDisplayStatus(s);
      return '<div class=""lrow u-pointer""' + x('click', 'openCampaignDetail', c.id) + '>' +
        '<div class=""lic g1-s-2f77bd19""><svg width=""16"" height=""16"" viewBox=""0 0 16 16"" fill=""none"" stroke=""currentColor"" stroke-width=""1.4""><path d=""M1 8h3l2-5 4 10 2-5h3""/></svg></div>' +
        '<div clas"
refreshDashboardCampaigns:el:=:c6de77e16095,9184,refreshDashboardCampaigns,el,=,static,static,0,,,"'<div class=""empty g1-s-1eb1d451"">No campaigns running.</div>'"
render:document.getElementById('run-live-progress'):=:f94d519b8ae8,14110,render,document.getElementById('run-live-progress'),=,indirect_builder,partial_escaped,3,,statCell() @L14101 (scope-resolved): 1 return(s) -> partial_escaped; var(): no declaration found anywhere in file,"'<div class=""g1-display-flex g1-s-d3e598d0"">' +
        statCell(state.done + '/' + state.total, 'completed', 'var(--accent)') +
        statCell(state.failed, 'failed', state.failed ? 'var(--danger)' : 'var(--muted)') +
        statCell(state.running, 'running', state.running ? 'var(--accent)' : 'var(--muted)') +
      '</div>' +
      '<div class=""g1-s-e6e1105c"">' +
        '<div class=""g1-s-1f0"
render:list:=:969e22921b7e,11687,render,list,=,unescaped_html,unescaped_html,4,,,"flat.map(function(f, i) {
      if (f.sec) return '<div class=""cmdk-sec"">' + x(f.sec) + '</div>';
      // f.docType is only set for search-result/recents rows (Phase 3) --
      // static Navigate/Actions rows never get the star affordance.
      var star = f.docType
        ? '<span data-fav-ci=""' + i + '"" style=""cursor:pointer;margin-right:0.5rem;color:' + (f.fav ? 'var(--warning)' : 'var(--mut"
render:list:=:a8f1044c4fed,11686,render,list,=,static,static,0,,,"'<div class=""cmdk-empty"">No matches</div>'"
render:ul:=:d6da87613649,14122,render,ul,=,static,static,0,,,"'<li class=""g1-s-b32f8255"">Waiting for the first step…</li>'"
render:ul:=:fd19c074919d,14215,render,ul,=,unescaped_text,unescaped_text,4,,,rows.join('')
renderAPAssets:tb:=:512e62596fa4,6700,renderAPAssets,tb,=,static,static,0,,,"'<tr><td colspan=""7"" class=""empty"">No hosts discovered yet — run a collection first.</td></tr>'"
renderAPAssets:tb:=:5c60c426e589,6703,renderAPAssets,tb,=,unescaped_html,unescaped_html,4,,,"AP_ASSETS.map(function(a, i) {
    var tierOpts = AP_CRIT_TIERS.map(function(t) {
      return '<option value=""' + t + '""' + (a.criticalityTier === t ? ' selected' : '') + '>' + (t || '—') + '</option>';
    }).join('');
    return '<tr>' +
      '<td style=""font-family:var(--font-mono);font-size:0.76rem"">' + x(a.label || a.hostKey) +
        (a.label && a.label.toUpperCase() !== (a.hostKey || '')"
renderAdditionalAgents:list:=:0da5a03f7570,15882,renderAdditionalAgents,list,=,unescaped_html,unescaped_html,4,agent,,"eligible.map(function(a) {
    return '<label style=""display:flex;align-items:center;gap:0.5rem;padding:0.25rem 0.3rem;cursor:pointer"">' +
      '<input type=""checkbox"" ' + (state._addlSel[a.agentId] ? 'checked' : '') +
      x('change', 'addlSelChange', a.agentId) + '>' +
      '<code style=""font-size:0.72rem"">' + x(a.agentId) + '</code><span class=""tiny muted"">' + x(a.hostname) + ' · ' + cmpAgen"
renderAdvRunWarn:warn:=:2a45fbf139c8,4742,renderAdvRunWarn,warn,=,static,static,0,,,"'&#9888; <strong>LAB mode — FULL FIDELITY</strong>. Payload-bearing abilities (credential tools, lateral movement payloads) will execute. <strong>ISOLATED AD RANGE ONLY — NEVER PRODUCTION.</strong>'"
renderAdvRunWarn:warn:=:8e67d1356d39,4736,renderAdvRunWarn,warn,=,static,static,0,,,"'&#9888; <strong>TELEMETRY mode</strong> — runs real, identity-safe ATT&amp;CK techniques and <strong>will generate EDR/SIEM alerts</strong>. Only proceed on an approved, monitored endpoint.'"
renderAdversaryLibrary:grid:=:49c89f59e166,4612,renderAdversaryLibrary,grid,=,static,static,0,,,"'<div style=""color:var(--muted);font-size:0.82rem;padding:0.5rem 0"">No threat actors match your search.</div>'"
renderAgentGroupTree:root:=:431ef9e1bbb7,6863,renderAgentGroupTree,root,=,unescaped_text,unescaped_text,4,agent,,allRow + agentGroupTree.map(renderAgentGroupNode).join('')
renderAgentRiskSummary:tb:=:b2f34185c24f,19301,renderAgentRiskSummary,tb,=,static,static,0,,,"'<tr><td colspan=""7"" class=""empty"">No agents to show.</td></tr>'"
renderAgentRiskSummary:tb:=:f113ff2c2b63,19311,renderAgentRiskSummary,tb,=,unescaped_html,unescaped_html,4,agent,,"rows.map(function(a) {
    return '<tr>' +
      '<td>' + x(a.hostname || a.agentId) + '</td>' +
      (a.measurable
        ? '<td' + cssVars(['g1-v-7d75dfc9', _riskScoreColor(a.healthScore)]) + ' class=""g1-s-c6fa01b3"">' + a.healthScore + '</td>'
        : '<td class=""u-muted"" title=""Nothing collected for this endpoint yet — an absent score is not a safe score"">— no data</td>') +
      '<td>' + ("
renderAgentRows:tbody:=:7a6d1d98a0c2,7157,renderAgentRows,tbody,=,unescaped_html,unescaped_html,4,agent,,"list.map(function(a, idx) {
    var dot = agentDotColor(agentBucket(a));
    var menuId = 'agent-menu-' + idx;
    return '<tr>' +
      '<td style=""max-width:180px""><div style=""display:flex;align-items:center;gap:0.5rem""><span style=""width:8px;height:8px;border-radius:50%;flex-shrink:0;background:' + dot + '""></span>' +
        '<div style=""min-width:0""><div class=""cell-main"" style=""font-family:v"
renderAgentRows:tbody:=:9ea28b375edf,7154,renderAgentRows,tbody,=,unescaped_html,unescaped_html,4,,,"'<tr><td colspan=""8"" class=""empty"">' + emptyMsg + '</td></tr>'"
renderAgentTiles:if (el) el:=:3bd67afa61e6,7113,renderAgentTiles,if (el) el,=,indirect_builder,unescaped_html,4,,tile() @L8428 (scope-resolved): 1 return(s) -> unescaped_html; var(): no declaration found anywhere in file,"tile('Total agents', b.online + b.degraded + b.offline, 'var(--text)') +
    tile('Online', b.online, b.online ? 'var(--success)' : 'var(--muted)') +
    tile('Degraded', b.degraded, b.degraded ? 'var(--warning)' : 'var(--muted)') +
    tile('Offline', b.offline, b.offline ? 'var(--danger)' : 'var(--muted)') +
    tile('Retired', b.retired, 'var(--muted)')"
renderAgtRisk:panel:=:aaa9402664f1,5326,renderAgtRisk,panel,=,indirect_variable,unescaped_html,4,,7 assignment(s) to 'h' inside renderAgtRisk() @L5276 (scope-resolved) -> unescaped_html,h
renderAttackPath:body:=:2f57ae966a62,14997,renderAttackPath,body,=,static,static,0,,,"'<div class=""dash-panel""><div class=""dash-panel-body"" style=""padding:2rem;text-align:center"">' +
      '<div style=""font-size:1rem;font-weight:700;color:var(--text);margin-bottom:0.4rem"">No attack-path data collected yet</div>' +
      '<div class=""tiny muted"" style=""max-width:520px;margin:0 auto 1rem"">Run a collection on an enrolled agent to map lateral-movement reachability, blast radius, segmen"
renderAttackPath:body:=:aaa9402664f1,15043,renderAttackPath,body,=,indirect_variable,unescaped_text,4,,20 assignment(s) to 'h' inside renderAttackPath() @L14992 (scope-resolved) -> unescaped_text,h
renderBackupJobsTable:tbody:=:7e6a3ffc6022,8193,renderBackupJobsTable,tbody,=,unescaped_html,unescaped_html,4,,,"jobs.map(function(j) {
    var color = BACKUP_STATUS_COLOR[j.status] || 'var(--muted)';
    var label = BACKUP_STATUS_LABEL[j.status] || j.status;
    var canRestore = (j.status === 'protected' || j.status === 'local_success');
    return '<tr class=""g1-s-76497c6f"">' +
      '<td class=""g1-s-b86389a4"">' + x(new Date(j.requestedAt).toLocaleString()) + '</td>' +
      '<td class=""g1-s-b86389a4"">' + "
renderBackupJobsTable:tbody:=:90d5dd7144ee,8190,renderBackupJobsTable,tbody,=,static,static,0,,,"'<tr><td colspan=""6"" class=""g1-s-6928ed1e"">No backups yet.</td></tr>'"
renderBackupStatusCard:wrap:=:0449f60f95c0,8165,renderBackupStatusCard,wrap,=,static,static,0,,,"'<div class=""conn-cfg-card""><div class=""empty g1-s-c19e0f28"">No backups yet. Click ""Backup Now"" to create one.</div></div>'"
renderBackupStatusCard:wrap:=:5e8161fd35fc,8171,renderBackupStatusCard,wrap,=,partial_escaped,partial_escaped,3,,,"'<div class=""conn-cfg-card"">' +
      '<div class=""g1-display-flex g1-s-c91d8485"">' +
        '<div class=""g1-s-0c5a3e12"">Most recent backup</div>' +
        '<span class=""sbadge g1-s-1b1dd8f9""' + cssVars(['g1-v-9a515764', color], ['g1-v-7d75dfc9', color], ['g1-v-d59a9269', color]) + '>' + x(label) + '</span>' +
      '</div>' +
      '<div class=""conn-cfg-row""><span class=""conn-cfg-label"">Request"
renderCampaignGroupPreview:document.getElementById('cmp-exclusions'):=:7bfd2c61d74d,8648,renderCampaignGroupPreview,document.getElementById('cmp-exclusions'),=,escaped,escaped,1,agent,,"list.map(function(a) {
    return '<label style=""display:flex;align-items:center;gap:0.5rem;padding:0.25rem 0.3rem;cursor:pointer"">' +
      '<input type=""checkbox""' + x('change', 'cmpToggleExclusionFromChecked', a.agentId) + '>' +
      '<code style=""font-size:0.72rem"">' + x(a.agentId) + '</code><span class=""tiny muted"">' + x(a.hostname) + '</span></label>';
  }).join('')"
renderCampaignGroupPreview:document.getElementById('cmp-group-preview'):=:c589344cb954,8645,renderCampaignGroupPreview,document.getElementById('cmp-group-preview'),=,unescaped_html,unescaped_html,4,,,"'<div>' + list.length + ' agents — ' + osLine + '</div>' +
    '<div>' + online + ' online · ' + offline + ' offline</div>'"
renderCampaignRows:tb:=:7cc0df0eb85d,8395,renderCampaignRows,tb,=,unescaped_html,unescaped_html,4,user_created_name,,"list.map(function(c) {
    var s = c.summary || {};
    var cds = campaignDisplayStatus(s);
    var status = '<span class=""sbadge s-' + cds.cls + '"">' + x(cds.label) + '</span>';
    if (s.status === 'running') {
      status += '<div class=""prog"" style=""width:90px;margin-top:5px""><i style=""width:' + (s.progress || 0) + '%""></i></div>' +
        '<span class=""tiny muted"">' + (s.progress || 0) + '%"
renderCampaignRows:tb:=:e491827be2ae,8394,renderCampaignRows,tb,=,escaped,escaped,1,,,"'<tr><td colspan=""6"" class=""empty"">No campaigns' + (CAMPAIGN_TAB === 'all' ? ' yet.' : ' in this state.') + '</td></tr>'"
renderCampaignTargets:document.getElementById('cmp-targets'):=:eeeb58f208db,8990,renderCampaignTargets,document.getElementById('cmp-targets'),=,unescaped_html,unescaped_html,4,agent,,"list.length ? list.map(function(a) {
    return '<label style=""display:flex;align-items:center;gap:0.5rem;padding:0.25rem 0.3rem;cursor:pointer"">' +
      '<input type=""checkbox"" ' + (state._cmpSel[a.agentId] ? 'checked' : '') + ' ' + x('change', 'cmpSelChange', a.agentId) + '>' +
      '<code style=""font-size:0.72rem"">' + x(a.agentId) + '</code><span class=""tiny muted"">' + x(a.hostname) + ' · ' +"
renderComplianceReport:document.getElementById('cmp-domain-area'):=:1c1fd00f146b,5575,renderComplianceReport,document.getElementById('cmp-domain-area'),=,unescaped_html,unescaped_html,4,user_created_name,,"'<div class=""cmp-section-hdr"">Domain Breakdown</div>' +
    '<div class=""cmp-domain-grid"">' +
    (r.domains || []).map(function(d) {
      var tested = (d.passing||0) + (d.failing||0) + (d.partial||0);
      var p = tested > 0 ? +(d.compliancePct||0) : null;
      var barColor = p === null ? 'rgba(122,148,176,0.3)' : p >= 70 ? '#22d3a6' : p >= 40 ? '#f59e0b' : '#ef4444';
      return '<div class="
renderComplianceReport:document.getElementById('cmp-header-area'):=:2a19df749157,5526,renderComplianceReport,document.getElementById('cmp-header-area'),=,partial_escaped,partial_escaped,3,"agent,user_created_name",,"'<div class=""cmp-header-card"" style=""border-top:3px solid ' + fwColor + '"">' +
      '<div class=""cmp-header-left"">' +
        '<div class=""cmp-fw-badge"" style=""color:' + fwColor + ';background:' + fwColor + '22;border-color:' + fwColor + '44"">' + x(r.framework.id || '') + '</div>' +
        '<div class=""cmp-fw-name"">' + x(r.framework.name || '') + '</div>' +
        '<div class=""cmp-fw-version"">'"
renderComplianceReport:document.getElementById('cmp-kpi-area'):=:f94d2a59832c,5563,renderComplianceReport,document.getElementById('cmp-kpi-area'),=,unescaped_html,unescaped_html,4,,,"'<div class=""cmp-kpi-row"">' +
    kpis.map(function(k) {
      return '<div class=""cmp-kpi-card"" style=""border-left:3px solid ' + k.border + '"">' +
        '<div class=""cmp-kpi-icon"" style=""color:' + k.color + ';background:' + k.dim + '"">' + k.icon + '</div>' +
        '<div class=""cmp-kpi-value"" style=""color:' + k.color + '"">' + k.val + '</div>' +
        '<div class=""cmp-kpi-label"">' + k.label +"
renderConnectorList:el:=:478cbd7e3d30,13173,renderConnectorList,el,=,static,static,0,,,"'<div class=""conn-cfg-card g1-s-87670393"">' +
      '<div class=""g1-s-04f181fe"">No connectors configured.</div>' +
      '<div class=""tiny"">Add a ServiceNow, Jira, or webhook connector to push findings to your ITSM.</div></div>'"
renderConnectorList:el:=:703cef8c4c77,13178,renderConnectorList,el,=,unescaped_html,unescaped_html,4,user_created_name,,"list.map(function(c) {
    var ac = c.autoCreate === 'off' || !c.autoCreate ? 'Manual only' : c.autoCreate.replace('_', '+');

    // Honest connection status — 4 states, not just enabled/disabled
    var statusColor, statusLabel, statusTitle;
    if (!c.enabled) {
      statusColor = 'var(--muted)';
      statusLabel = 'Disabled';
      statusTitle = 'Connector is turned off';
    } else if (c.la"
renderConnectorSettings:document.getElementById('cf-settings'):=:9e6c49687b1a,13296,renderConnectorSettings,document.getElementById('cf-settings'),=,unescaped_html,unescaped_html,4,,,"fields.map(function(f) {
    if (f.type === 'checkbox') {
      return '<div class=""g1-s-dd11a3a0"">' +
        '<label class=""g1-display-flex g1-s-b0ace2ed"">' +
          '<input type=""checkbox"" id=""cfs-' + f.key + '""' + (s[f.key] === 'yes' ? ' checked' : '') + '>' +
          '<span class=""conn-cfg-label g1-s-ab79ea2b"">' + f.label + '</span>' +
        '</label>' +
        (f.hint ? '<div class="""
renderControlsTable:document.getElementById('cmp-controls-body'):=:163c6c68698d,5638,renderControlsTable,document.getElementById('cmp-controls-body'),=,static,static,0,,,"'<tr><td colspan=""7"" class=""empty"">No controls match this filter.</td></tr>'"
renderControlsTable:document.getElementById('cmp-controls-body'):=:5387bef00084,5607,renderControlsTable,document.getElementById('cmp-controls-body'),=,unescaped_html,unescaped_html,4,user_created_name,,"rows.map(function(c, i) {
    var badge = '<span class=""cmp-badge ' + c.status + '"">' + (statusLabel[c.status] || c.status) + '</span>';
    if (c.status === 'manual') {
      return '<tr><td>' + badge + '</td>' +
        '<td><span class=""cmp-ctrl-id"">' + x(c.id) + '</span></td>' +
        '<td>' + x(c.name) + ' <span class=""cmp-manual-tag"">manual attestation</span></td>' +
        '<td><span cla"
renderCovMatrix:document.getElementById('cov-matrix'):=:3e764a431a5f,9669,renderCovMatrix,document.getElementById('cov-matrix'),=,unescaped_html,unescaped_html,4,user_created_name,,"'<div class=""mx"">' + (state._covTactics || []).map(function(t) {
    var techs = t.techniques || [];
    var cov = techs.filter(function(c) { return st[c.id] === 'cov'; }).length;
    var cells = techs.map(function(c) {
      var s = st[c.id] || 'none', dim = view !== 'all' && view !== s;
      return '<div class=""mx-cell ' + s + (dim ? ' g1-s-c1f75ce4' : '') + '""' + x('click', 'openTechnique', c."
renderCoverageAnalytics:missedBody:=:201051b0850f,9450,renderCoverageAnalytics,missedBody,=,unescaped_html,unescaped_html,4,user_created_name,,"missed.map(function(t, i) {
      var bg = i % 2 ? 'g1-s-ab376776' : '';
      var vColor = t.bestVerdict === 'missed' ? 'g1-s-97b209c3' : 'g1-s-ce668815';
      var vDot   = t.bestVerdict === 'missed' ? '● ' : '◐ ';
      return '<tr class=""' + bg + '"">' +
        '<td class=""' + vColor + '"">' + vDot + x(t.techniqueId) + '</td>' +
        '<td class=""g1-s-5d164a6d"">' + x(t.name || '—') + '</td>' "
renderCoverageAnalytics:tacBody:=:e8b23dfa1654,9434,renderCoverageAnalytics,tacBody,=,unescaped_html,unescaped_html,4,,,"(d.byTactic || []).map(function(t, i) {
      var bg = i % 2 ? 'g1-s-ab376776' : '';
      var mColor = t.missed > 0 ? 'g1-s-d55cf847' : 'g1-s-c6db10d2';
      return '<tr class=""' + bg + '"">' +
        '<td>' + x(t.tactic) + '</td>' +
        '<td class=""g1-s-ffa42d22"">' + t.prevented + '</td>' +
        '<td class=""g1-s-08242b1e"">' + t.detectedOnly + '</td>' +
        '<td class=""' + mColor + '"""
renderDetectionValidationTab:el:=:84cc57f30541,18034,renderDetectionValidationTab,el,=,unescaped_html,unescaped_html,4,,,"'<div style=""padding:1rem 0 0.5rem"">' +
      '<div style=""display:flex;gap:1.5rem;margin-bottom:0.75rem;flex-wrap:wrap"">' +
        '<div class=""u-center"">' +
          '<div style=""font-size:1.7rem;font-weight:700;color:' + covColor + '"">' + coverage + '%</div>' +
          '<div style=""font-size:0.68rem;color:var(--muted);text-transform:uppercase;letter-spacing:.06em"">Detection Coverage</div>' "
renderEMSweepGroupList:list:=:2660b7c02980,10157,renderEMSweepGroupList,list,=,static,static,0,,,"'<p class=""tiny muted"" style=""margin:0"">No agent groups have been created yet.</p>'"
renderEMSweepGroupList:list:=:69ad1799beb3,10160,renderEMSweepGroupList,list,=,escaped,escaped,1,,,"options.map(function(o) {
    return '<label style=""display:flex;align-items:center;gap:0.5rem;padding:0.25rem 0.3rem;cursor:pointer"">' +
      '<input type=""checkbox"" ' + (state._emGroupSel[o.id] ? 'checked' : '') +
      x('change', 'emGroupSelChange', o.id) + '>' +
      '<span style=""font-size:0.8rem"">' + x(o.label) + '</span></label>';
  }).join('')"
renderEMSweepProgress:document.getElementById('em-sweep-progress-actions'):=:69a85969e964,10703,renderEMSweepProgress,document.getElementById('em-sweep-progress-actions'),=,partial_escaped,partial_escaped,3,,,"terminal
    ? '<button class=""btn btn-outline btn-sm""' + x('click', 'openEMSweepReport', sw.id) + ' title=""Open the combined EM sweep report"">&#8599; HTML Report</button> ' +
      '<button class=""btn btn-outline btn-sm""' + x('click', 'downloadEMSweepReport', sw.id) + ' title=""Download the combined EM sweep report as a PDF file"">&#8595; PDF Report</button>'
    // Previously there was no cancel c"
renderEMSweepProgress:document.getElementById('em-sweep-progress-summary'):=:4af87292bb0a,10696,renderEMSweepProgress,document.getElementById('em-sweep-progress-summary'),=,partial_escaped,partial_escaped,3,,,"'<strong>' + sw.completedLayers + '/' + sw.totalLayers + '</strong> layers complete &middot; status: ' + x(sweepStatusLabel(sw.status)) +
    (sw.error ? '<div style=""color:var(--danger);margin-top:0.3rem"">' + x(sw.error) + '</div>' : '')"
renderEMSweepProgress:list:=:d0d00af7935d,10716,renderEMSweepProgress,list,=,unescaped_html,unescaped_html,4,user_created_name,,"(sw.layers || []).map(function(layerId, i) {
    var layerState = i < sw.currentIndex ? 'done' : (i === sw.currentIndex && sw.status === 'running') ? 'running' : 'pending';
    var color = layerState === 'done' ? 'var(--success)' : layerState === 'running' ? 'var(--accent)' : 'var(--muted)';
    var label = layerState === 'done' ? '&#10003;' : layerState === 'running' ? '&#9679;' : '&#9675;';
    "
renderExecDashboard:el:=:54460ff68c62,5821,renderExecDashboard,el,=,indirect_builder,partial_escaped,3,,edKpiCard() @L5800 (scope-resolved): 1 return(s) -> partial_escaped,"edKpiCard('Risk Score', current.avgRiskScore, risk) +
    edKpiCard('Exposure Score', current.exposureScore, exp, noAttackPathData) +
    edKpiCard('Detection Coverage', current.detectionCoverage, det, noAttackPathData) +
    edKpiCard('Fleet Assets', current.assetCount, cnt)"
renderExposure:el:=:e62a6b6cf073,5898,renderExposure,el,=,static,static,0,,,"'<div class=""card"" style=""margin-top:1rem;padding:1rem"">' +
      '<span class=""kpi-label"">Open exposure windows</span>' +
      '<div class=""tiny muted"" style=""margin-top:0.4rem"">No open findings.</div></div>'"
renderFindingsRows:tb:=:6fe7cd46ac6e,12401,renderFindingsRows,tb,=,unescaped_html,unescaped_html,4,agent,,"l.map(function(f) {
    var checkCell = (_findingsBulkMode && canPush)
      ? '<td' + x('click', 'stopEvent') + ' style=""padding:0.2rem 0.5rem""><input type=""checkbox"" ' + (_findingsSelected[f.id] ? 'checked' : '') + ' ' + x('change', 'toggleFindingCheck', f.id) + ' class=""u-pointer""></td>'
      : '';
    var isTicketed = _ticketCandidateIds && (f.status === 'open' || f.status === 'triaged') && !"
renderFindingsRows:tb:=:877b0f0dc728,12400,renderFindingsRows,tb,=,partial_escaped,partial_escaped,3,,,"'<tr><td colspan=""' + colCount + '"" class=""empty"">No findings' + (FINDING_TAB === 'all' ? ' yet.' : ' in this state.') + '</td></tr>'"
renderFindingsTiles:document.getElementById('findings-tiles'):=:9c715967ff22,12372,renderFindingsTiles,document.getElementById('findings-tiles'),=,indirect_builder,unescaped_html,4,,tile() @L8428 (scope-resolved): 1 return(s) -> unescaped_html; var(): no declaration found anywhere in file,"tile('Open findings', open, open ? 'var(--danger)' : 'var(--success)') +
    tile('Attack Surface Age', open ? maxAge + ' days' : '0 days', ageCol) +
    tile('Critical', crit, crit ? 'var(--danger)' : 'var(--muted)') +
    tile('Reopened', reopened, reopened ? 'var(--warning)' : 'var(--muted)') +
    tile('Remediated · 30d', remediated, 'var(--success)')"
renderForecast:el:=:512173c3d0ae,5884,renderForecast,el,=,partial_escaped,partial_escaped,3,,,"'<div class=""card"" style=""margin-top:1rem;padding:1rem"">' +
    '<div style=""display:flex;justify-content:space-between;align-items:center"">' +
      '<div><span class=""kpi-label"">Risk-score forecast</span> &nbsp;' + edDirectionLabel(fc) + '</div>' +
      conf +
    '</div>' +
    (chart || '<div class=""tiny muted"" style=""margin-top:0.4rem"">Not enough data to chart yet.</div>') +
    note +
  '</"
renderForecast:el:=:6f49cdbd80e1,5877,renderForecast,el,=,static_empty,static_empty,0,,,''
renderGroupCheckboxList:list:=:6d4ec42ee14c,4382,renderGroupCheckboxList,list,=,unescaped_html,unescaped_html,4,,,"'<p class=""' + emptyClass + '"" style=""margin:0"">No agent groups have been created yet.</p>'"
renderGroupCheckboxList:list:=:f12076e1bae1,4390,renderGroupCheckboxList,list,=,unescaped_html,unescaped_html,4,,,"options.map(function(o) {
    return '<label style=""display:flex;align-items:center;gap:0.5rem;padding:0.25rem 0.3rem;cursor:pointer"">' +
      '<input type=""checkbox"" ' + (stateVar[o.id] ? 'checked' : '') +
      x('change', changeAction, o.id) + '>' +
      '<span style=""font-size:0.8rem"">' + x(o.label) + '</span>' +
      '<span class=""tiny muted"">(' + (countMap[o.id] || 0) + ' agents)</span></"
renderIOCRegistryTable:tbody:=:343fc91b0722,13914,renderIOCRegistryTable,tbody,=,static,static,0,,,"'<tr><td colspan=""9"" class=""empty"">No indicators match this filter.</td></tr>'"
renderIOCRegistryTable:tbody:=:661e20d53a76,13917,renderIOCRegistryTable,tbody,=,unescaped_html,unescaped_html,4,,,"_iocRegistryRows.map(function(row, idx) {
    var suppressedBadge = row.suppressed ? ' <span class=""sbadge g1-s-3518ee58"" title=""' + x(row.suppressionReason || '') + '"">suppressed</span>' : '';
    return '<tr class=""u-pointer""' + x('click', 'openIOCDetail', idx) + '>' +
      '<td><span class=""tiny g1-s-e4cd03d6"">' + x(IOC_TYPE_LABEL_REGISTRY[row.type] || row.type) + '</span></td>' +
      '<td><"
renderInitiativeDrawer:document.getElementById('init-drawer-body'):=:295fbc427b0e,12968,renderInitiativeDrawer,document.getElementById('init-drawer-body'),=,partial_escaped,partial_escaped,3,,,"'<div class=""u-mb-1"">' +
      '<span class=""badge ' + col + '"">' + initiativeStateLabel(it.State) + '</span> ' +
      '<span class=""tiny muted"">Created by ' + x(it.CreatedBy || '—') + ' · ' + x(fmtDate(it.CreatedAt)) + '</span>' +
    '</div>' +
    '<div class=""g1-display-flex g1-s-de98f8b6"">' +
      (it.State === 'active' ? '<button class=""btn btn-outline btn-sm""' + x('click', 'initiativeClos"
renderInitiativesList:tbody:=:00ada84b6908,12899,renderInitiativesList,tbody,=,unescaped_html,unescaped_html,4,,,"INITIATIVES.list.map(function(it, idx) {
    var col = initiativeStateColor(it.State);
    var menuId = 'init-menu-' + idx;
    var canDelete = it.State === 'archived' && ROLE === 'admin';
    return '<tr' + x('click', 'openInitiativeDrawer', it.ID) + ' class=""u-pointer"">' +
      '<td>' + x(it.Name) + '</td>' +
      '<td><span class=""badge ' + col + '"">' + initiativeStateLabel(it.State) + '</spa"
renderInitiativesList:tbody:=:5aed99bfcbf1,12896,renderInitiativesList,tbody,=,static,static,0,,,"'<tr><td colspan=""5"" class=""empty"">No initiatives yet.</td></tr>'"
renderLegacyMigrationPanel:el:=:3401671f918d,7055,renderLegacyMigrationPanel,el,=,partial_escaped,partial_escaped,3,,,"'<div class=""legacy-migration-header"">Legacy Transport Migration</div>' +
      '<div class=""legacy-migration-days"">Days clean: ' + status.daysClean + ' / ' + status.daysRequired + '</div>' +
      '<div class=""legacy-migration-status ' + (status.eligible ? 'eligible' : 'not-eligible') + '"">' +
        (status.eligible ? 'ELIGIBLE FOR REVIEW' : 'NOT YET ELIGIBLE') +
      '</div>' +
      unattrib"
renderLicenseGraceBanner:el:=:6a245f6469c3,19009,renderLicenseGraceBanner,el,=,partial_escaped,partial_escaped,3,,,"_licenseBannerHTML(info) +
    '<button' + x('click', '_dismissLicenseGraceBanner') + ' aria-label=""Dismiss"" title=""Dismiss"" ' +
      'class=""g1-display-flex g1-s-94d252ab"" ' +
      x('mouseover', 'licenseBannerDismissHoverOn') + x('mouseout', 'licenseBannerDismissHoverOff') + '>&#10005;</button>'"
renderLicenseLockedScreen:el:=:7f2860c19266,18943,renderLicenseLockedScreen,el,=,escaped,escaped,1,,,"'<div class=""g1-s-0461ffe3"">' +
      '<div class=""g1-s-bb46f5f1"">&#x1F512;</div>' +
      '<h1 class=""g1-s-e34130f8"">BAS LICENSE EXPIRED</h1>' +
      '<p class=""g1-s-87635de2"">This Audspect BAS Server is currently unavailable because its license and grace period have expired.</p>' +
      '<p class=""g1-s-a7798008"">Please contact your licensing administrator to renew the license.</p>' +
      '<d"
renderModalSelection:link:=:3ac9eb36dbbe,16563,renderModalSelection,link,=,static,static,0,,,'&#128269; Detailed view — every atomic test that will run'
renderModalSelection:link:=:a31134ee495c,16582,renderModalSelection,link,=,static,static,0,,,'&#9881; Customize — select a target agent first'
renderModalSelection:note:=:3673014e72b6,16645,renderModalSelection,note,=,indirect_variable,escaped,1,,"_postureSummaryCache is written by renderModalSelection's catNames.join(', ') (posture-catalog phase names), wrapped in x().",cached
renderModalSelection:note:=:5978b6adc180,16596,renderModalSelection,note,=,partial_escaped,partial_escaped,3,,,"'&#9989; Running a selected subset: <strong>' + state._runSelection.ids.length + '</strong> ' + noun +
      (state._runSelection.locked ? ' (targeted re-validate)' :
       ' <a href=""#"" class=""desc-toggle"" style=""margin-left:8px""' + x('click', 'clearSelection') + '>Clear</a>')"
renderModalSelection:note:=:f6a1dba9d317,16612,renderModalSelection,note,=,static,static,0,,,"'<span class=""u-muted"">Loading check catalog…</span>'"
renderModalSelection:note:=:f6a1dba9d317,16642,renderModalSelection,note,=,static,static,0,,,"'<span class=""u-muted"">Loading check catalog…</span>'"
renderPickerList:document.getElementById('picker-list'):=:86bc3b918fa9,16458,renderPickerList,document.getElementById('picker-list'),=,unescaped_html,unescaped_html,4,,,"rows || '<p class=""empty"" style=""padding:1rem"">No matches.</p>'"
renderPrivilegeCoverage:cards:=:f44b3950efc8,9483,renderPrivilegeCoverage,cards,=,unescaped_html,unescaped_html,4,,,"tiers.map(function(t) {
      var col  = tierColor[t.tier] || 'var(--muted)';
      var lbl  = tierLabel[t.tier] || t.tier;
      var rate = t.attempted > 0 ? t.preventionRate : 0;
      var rateColor = rate >= 75 ? 'g1-s-da30d03b' : rate >= 40 ? 'g1-s-c16ccf0e' : 'g1-s-7419514e';
      return '<div class=""ca-card""' + cssVars(['g1-v-c3984016', col]) + '>' +
        '<div class=""ca-label""' + cssVar"
renderPrivilegeCoverage:gapBody:+=:0fa06813d602,9541,renderPrivilegeCoverage,gapBody,+=,unescaped_likely_safe,unescaped_likely_safe,2,,,"'<tr><td colspan=""3"" class=""g1-s-f85dc79d"">… and ' + (gaps.length - 25) + ' more</td></tr>'"
renderPrivilegeCoverage:gapBody:=:19c095215b09,9528,renderPrivilegeCoverage,gapBody,=,unescaped_html,unescaped_html,4,user_created_name,,"gaps.slice(0, 25).map(function(g, i) {
        var bg = i % 2 ? 'g1-s-ab376776' : '';
        var tierBadges = (g.tiers || []).map(function(t) {
          var c = tierColor[t] || 'var(--muted)';
          return '<span class=""g1-s-1fd67b02""' + cssVars(['g1-v-97993078', c], ['g1-v-7d75dfc9', c]) + '>' + (tierLabel[t] || t) + '</span>';
        }).join('');
        return '<tr class=""' + bg + '"">' +"
renderPrivilegeCoverage:gapBody:=:89c801d71a34,9526,renderPrivilegeCoverage,gapBody,=,static,static,0,,,"'<tr><td colspan=""3"" class=""empty u-success"">✓ All annotated techniques tested at user tier</td></tr>'"
renderPrivilegeCoverage:tierBody:=:8feaa991f4a1,9499,renderPrivilegeCoverage,tierBody,=,unescaped_html,unescaped_html,4,,,"tiers.map(function(t, i) {
      var bg   = i % 2 ? 'g1-s-ab376776' : '';
      var col  = tierColor[t.tier] || 'var(--muted)';
      var lbl  = tierLabel[t.tier] || t.tier;
      var rate = t.attempted > 0 ? t.preventionRate : 0;
      var rateColor = rate >= 75 ? 'g1-s-01465934' : rate >= 40 ? 'g1-s-a21d7ec5' : 'g1-s-1ea0edbe';
      var barW = Math.min(100, rate);
      var missedColor = t.miss"
renderRecommendations:body:=:b98b92dc917f,6185,renderRecommendations,body,=,static,static,0,,,"'<tr><td colspan=""7"" class=""empty"">No recommendations yet — seed ATT&CK/ART content to rank techniques.</td></tr>'"
renderRecommendations:body:=:fc2a515d08b8,6188,renderRecommendations,body,=,unescaped_html,unescaped_html,4,"threat_intel,user_created_name",,"list.map(function(t) {
    var threat = [];
    if (t.kev) threat.push('<span class=""badge"" style=""color:var(--danger);border-color:var(--danger)"">KEV</span>');
    if (t.epssPercentile) threat.push('<span class=""badge"">EPSS ' + Math.round(t.epssPercentile) + '</span>');
    if (t.threatActors) threat.push('<span class=""badge"">' + t.threatActors + ' group' + (t.threatActors === 1 ? '' : 's') + '</"
renderRemList:el:=:00da7cd51723,12554,renderRemList,el,=,static,static,0,,,"'<div class=""empty"" style=""padding:2rem"">No open remediations — nothing to fix right now.</div>'"
renderRemList:el:=:5b15f65ece96,12555,renderRemList,el,=,unescaped_html,unescaped_html,4,,,"l.map(function(r, i) {
    var critCls = r.severity === 'Critical' ? ' crit' : '';
    var ctrls = (r.controlClasses || []).map(x).join(', ') || '—';
    return '<div class=""rem-card"">' +
      '<div class=""rem-ic' + critCls + '"">' + REM_SVG.wrench + '</div>' +
      '<div class=""rem-main"">' +
        '<div class=""rem-top"">' + findingSevBadge(r.severity, '') + ' <span class=""tech-id"">' + x(r.techn"
renderRepHistory:tb:=:913a94a62edf,15228,renderRepHistory,tb,=,static,static,0,,,"'<tr><td colspan=""7"" class=""empty"" style=""padding:1.5rem;line-height:1.6"">No reports generated yet — this log fills when you generate one (from a tile above or the per-agent buttons). Test runs don\'t create reports automatically.</td></tr>'"
renderRepHistory:tb:=:b9e0ef311b73,15232,renderRepHistory,tb,=,unescaped_html,unescaped_html,4,,,"list.map(function(r) {
      var st = r.status === 'failed' ? 's-failed' : 's-completed';
      return '<tr>' +
        '<td class=""cell-main"">' + x(label[r.reportType] || r.reportType) + '</td>' +
        '<td class=""tiny muted"">' + x(r.scopeLabel) + '</td>' +
        '<td class=""tiny"">' + x((r.format || '—').toUpperCase()) + '</td>' +
        '<td class=""tiny muted"">' + x(r.generatedBy || '—') +"
renderResponseConnectorList:el:=:7e78a05def5b,13507,renderResponseConnectorList,el,=,static,static,0,,,"'<div class=""conn-cfg-card g1-s-87670393"">' +
      '<div class=""g1-s-04f181fe"">No response connectors configured.</div>' +
      '<div class=""tiny"">Add a CrowdStrike or Defender connector to enable Respond actions from Findings.</div></div>'"
renderResponseConnectorList:el:=:dd59f75ffc07,13513,renderResponseConnectorList,el,=,unescaped_html,unescaped_html,4,user_created_name,,"list.map(function(c) {
    var statusColor = c.enabled ? 'var(--success)' : 'var(--muted)';
    var statusLabel = c.enabled ? 'Enabled' : 'Disabled';
    var statusDot = '<span class=""g1-display-inline-block g1-s-aab81e99""' + cssVars(['g1-v-9ffd39ba', statusColor]) + '></span>' + statusLabel;
    return '<div class=""conn-cfg-card g1-s-2fc766d7"">' +
      '<div class=""g1-display-flex g1-s-0bdc41ee"""
renderRunIOCList:el:=:e0fb92df4f2d,13805,renderRunIOCList,el,=,unescaped_html,unescaped_html,4,,,"list.map(function(ind, idx) {
    var expanded = _runIOCExpandedIdx === idx;
    var techs = (ind.techniqueIds || []).map(function(t) {
      return '<code class=""g1-s-86b92508"">' + x(t) + '</code>';
    }).join('');
    var tags = (ind.tags || []).map(function(t) {
      return '<span class=""tiny g1-display-inline-block g1-s-7c8b2a40"">' + x(t) + '</span>';
    }).join('');
    var detail = !expan"
renderRunIOCList:el:=:e22c78fe4eb1,13800,renderRunIOCList,el,=,escaped,escaped,1,,,"'<div class=""g1-s-3414c9bc"">' +
      (state._runIOCsAll.length ? 'No indicators match this filter.' : 'No indicators extracted from this run.') + '</div>'"
renderRunIOCToolbar:el:=:c59f1d30410b,13757,renderRunIOCToolbar,el,=,partial_escaped,partial_escaped,3,,,"covSegHtml(types, _runIOCTypeFilter, 'setRunIOCTypeFilter', function(k) { return counts[k] || 0; }) +
    '<input type=""text"" id=""run-ioc-search"" placeholder=""Search indicators…"" value=""' + x(_runIOCSearch) + '""' + x('input', 'setRunIOCSearchFromInput') + ' class=""g1-s-1230a88f"">'"
renderRunMode:btn:=:4959506b17ea,15740,renderRunMode,btn,=,static,static,0,,,'&#9888; No Eligible Agents'
renderRunMode:btn:=:5b98d58b0313,15820,renderRunMode,btn,=,static,static,0,,,'&#9654; Run LAB'
renderRunMode:btn:=:6b374eeb8131,15800,renderRunMode,btn,=,static,static,0,,,'&#9888; OS Mismatch'
renderRunMode:btn:=:ad81ad1f4514,15813,renderRunMode,btn,=,static,static,0,,,'&#9654; Run Telemetry'
renderRunMode:btn:=:cd9227672841,15784,renderRunMode,btn,=,static,static,0,,,'&#9654; Run'
renderRunMode:btn:=:cd9227672841,15831,renderRunMode,btn,=,static,static,0,,,'&#9654; Run'
renderRunMode:warn:=:37e38ab2c4c2,15780,renderRunMode,warn,=,indirect_variable,escaped,1,,2 assignment(s) to 'osMismatchMsg' inside renderRunMode() @L15717 (scope-resolved) -> escaped,osMismatchMsg
renderRunMode:warn:=:37e38ab2c4c2,15827,renderRunMode,warn,=,indirect_variable,escaped,1,,2 assignment(s) to 'osMismatchMsg' inside renderRunMode() @L15717 (scope-resolved) -> escaped,osMismatchMsg
renderRunMode:warn:=:41e9204bcecf,15798,renderRunMode,warn,=,unescaped_html,unescaped_html,4,agent,,osMismatchMsg + ' <strong>Cannot run ' + mode + ' mode on this agent.</strong>'
renderRunMode:warn:=:7945c45dabe0,15819,renderRunMode,warn,=,static,static,0,,,"'&#9888; <strong>LAB MODE — full-fidelity emulation.</strong> Runs LSASS memory dump and allowlisted password spray. <strong>Isolated AD range only, never production.</strong> Triggers EDR by design; requires a second confirmation.'"
renderRunMode:warn:=:7cbf4609536e,15812,renderRunMode,warn,=,indirect_variable,unescaped_html,4,,2 assignment(s) to 'warnText' inside renderRunMode() @L15717 (scope-resolved) -> unescaped_html,warnText
renderSLAKPIs:document.getElementById('sla-rpt-kpis'):=:5622a6c839d8,12291,renderSLAKPIs,document.getElementById('sla-rpt-kpis'),=,indirect_builder,unescaped_html,4,,tile() @L8428 (scope-resolved): 1 return(s) -> unescaped_html; var(): no declaration found anywhere in file,"tile('Compliance Rate', rate.text, rate.color) +
    tile('On-Time', overall.onTime, 'var(--success)') +
    tile('Late', overall.late, overall.late ? 'var(--danger)' : 'var(--muted)') +
    tile('Currently Open', overall.currentlyOpen, overall.currentlyOpen ? 'var(--warning)' : 'var(--muted)')"
renderSLAMonthlyTrend:body:=:494ec628665c,12318,renderSLAMonthlyTrend,body,=,static,static,0,,,"'<tr><td colspan=""4"" class=""empty"">No resolved episodes yet.</td></tr>'"
renderSLAMonthlyTrend:body:=:da4a484c0ebc,12319,renderSLAMonthlyTrend,body,=,unescaped_html,unescaped_html,4,,,"sorted.map(function(m) {
    var rate = slaRateDisplay(m.onTime, m.resolved - m.onTime, m.complianceRate);
    return '<tr><td>' + x(m.month) + '</td><td>' + m.resolved + '</td><td>' + m.onTime + '</td>' +
      '<td style=""color:' + rate.color + '"">' + rate.text + '</td></tr>';
  }).join('')"
renderSLARecentlyResolved:body:=:a850a41455a5,12327,renderSLARecentlyResolved,body,=,static,static,0,,,"'<tr><td colspan=""5"" class=""empty"">No resolved episodes yet.</td></tr>'"
renderSLARecentlyResolved:body:=:d31824d4b9af,12328,renderSLARecentlyResolved,body,=,unescaped_html,unescaped_html,4,agent,,"recentlyResolved.map(function(r) {
    var outcome = r.onTime
      ? '<span class=""sbadge"" style=""background:transparent;border:1px solid var(--success);color:var(--success)"">On time</span>'
      : '<span class=""sbadge"" style=""background:transparent;border:1px solid var(--danger);color:var(--danger)"">Late</span>';
    return '<tr><td>' + x(r.agentId) + '</td><td>' + x(r.checkId) + '</td><td>' + "
renderScenarioLanding:el:=:b9d3bf75bccc,7623,renderScenarioLanding,el,=,unescaped_html,unescaped_html,4,,,"html || '<p class=""empty"">No scenarios loaded.</p>'"
renderScenarios:grid:=:927dbfa214df,7747,renderScenarios,grid,=,indirect_builder,unescaped_html,4,,renderScenarioTileGroup() @L7827 (scope-resolved): 3 return(s) -> unescaped_html,"inCat.length
    ? '<div class=""sc-fade"">' + renderScenarioTileGroup(state.scenarioView, inCat) + '</div>'
    : '<p class=""empty"">No scenarios match your filter.</p>'"
renderScenarios:landingEl:=:4378fed73bb8,7673,renderScenarios,landingEl,=,static,static,0,,,"'<p class=""empty"">No scenarios loaded.</p>'"
renderScenarios:sgrid:=:f4ffae003e16,7718,renderScenarios,sgrid,=,indirect_builder,unescaped_html,4,,renderScenarioTileGroup() @L7827 (scope-resolved): 3 return(s) -> unescaped_html,"results.length
      ? '<div class=""sc-fade"">' + renderScenarioTileGroup('search', results) + '</div>'
      : '<p class=""empty"">No scenarios match your search.</p>'"
renderSchedAgentList:root:=:5d77463a1d25,18658,renderSchedAgentList,root,=,static,static,0,,,"'<div class=""empty"">No agents registered.</div>'"
renderSchedAgentList:root:=:d702422fe11a,18660,renderSchedAgentList,root,=,unescaped_html,unescaped_html,4,agent,,"SCHED.agentsAll.map(function(a) {
    var compatible = schedAgentCompatible(a, supportedOS);
    // A previously-checked agent that's now incompatible (scenario changed
    // after selection) must not stay silently selected.
    if (!compatible && SCHED.selAgents[a.agentId]) delete SCHED.selAgents[a.agentId];
    var checked = SCHED.selAgents[a.agentId] ? ' checked' : '';
    var disabled = compa"
renderSchedGroupTree:root:=:a9d9375b0173,18590,renderSchedGroupTree,root,=,static,static,0,,,"SCHED.groupsAccessDenied
      ? '<div class=""empty"">Group targeting requires Administrator access — select individual agents instead.</div>'
      : '<div class=""empty"">No agent groups defined.</div>'"
renderSchedGroupTree:root:=:cdd0f2fd36f8,18595,renderSchedGroupTree,root,=,unescaped_text,unescaped_text,4,,,SCHED.groups.map(renderSchedGroupNode).join('')
renderSchedInitiativeSelect:sel:=:0614a03d92d3,18687,renderSchedInitiativeSelect,sel,=,escaped,escaped,1,,,"'<option value="""">— None —</option>' +
    SCHED.initiativesActive.map(function(it) { return '<option value=""' + x(it.ID) + '"">' + x(it.Name) + '</option>'; }).join('')"
renderSchedModeRecurrencePane:modeSel:=:d2a1edd66cf8,18700,renderSchedModeRecurrencePane,modeSel,=,indirect_variable,static,0,,2 assignment(s) to 'opts' inside renderSchedModeRecurrencePane() @L18692 (scope-resolved) -> static,opts
renderSchedReview:document.getElementById('sched-review'):=:530136e85d80,18806,renderSchedReview,document.getElementById('sched-review'),=,unescaped_text,unescaped_text,4,,,html + authWrap
renderScheduledAssessmentsList:tbody:=:b49d64237e49,18398,renderScheduledAssessmentsList,tbody,=,static,static,0,,,"'<tr><td colspan=""7"" class=""empty"">No scheduled assessments yet.</td></tr>'"
renderScheduledAssessmentsList:tbody:=:dab79a0dc67d,18401,renderScheduledAssessmentsList,tbody,=,unescaped_html,unescaped_html,4,"scenario,telemetry_log,user_created_name",,"SCHED.schedules.map(function(sch) {
    // sch.Payload is a Go json.RawMessage with no json:""..."" tag override, so
    // it arrives already embedded as a real object in the outer response --
    // NOT as a JSON string needing a second JSON.parse (that silently threw,
    // caught below, and always fell back to {} -- see openSchedWizardForEdit's
    // identical fix for the same root cause).
   "
renderSweepPreview:filtersEl:=:94b14ea06676,10363,renderSweepPreview,filtersEl,=,escaped,escaped,1,,,"'<input type=""text"" placeholder=""Search extra scenarios to add…"" value=""' + x(_emExtraSearch) + '""' + x('input', 'setEMExtraSearchFromInput') + ' class=""btn btn-outline btn-sm u-flex1"">'"
renderSweepPreview:filtersEl:=:e09058149f74,10352,renderSweepPreview,filtersEl,=,partial_escaped,partial_escaped,3,,,"'<select' + x('change', 'setVexPreviewTacticFromSelect') + ' class=""btn btn-outline btn-sm u-flex1"">' + tacticOpts + '</select>' +
      '<input type=""text"" placeholder=""Search T-ID or name…"" value=""' + x(_vexPreviewSearch) + '""' + x('input', 'setVexPreviewSearchFromInput') + ' class=""btn btn-outline btn-sm u-flex1"">'"
renderTAXIIConnectorsList:tbody:=:23ba7feae2c3,19571,renderTAXIIConnectorsList,tbody,=,unescaped_html,unescaped_html,4,user_created_name,,"TAXII_CONNECTORS.map(function(c) {
    var lastPoll = c.lastPollAt ? ago(c.lastPollAt) : 'Never';
    var resultColor = c.lastPollStatus === 'ok' ? 'g1-s-f83fcad9' : (c.lastPollStatus === 'error' ? 'g1-s-b83ba243' : 'g1-s-eac76940');
    var summary = c.lastPollSummary || {};
    var resultText = c.lastPollStatus === 'ok'
      ? (summary.processed || 0) + ' processed, ' + (summary.skipped || 0) +"
renderTAXIIConnectorsList:tbody:=:59d7910c503d,19568,renderTAXIIConnectorsList,tbody,=,static,static,0,,,"'<tr><td colspan=""6"" class=""empty"">No TAXII connectors configured yet.</td></tr>'"
renderTIActors:el:=:0f9760a8d8e8,8888,renderTIActors,el,=,unescaped_html,unescaped_html,4,actor,,"'<div style=""font-size:0.68rem;font-weight:600;letter-spacing:0.05em;color:var(--muted);text-transform:uppercase;margin:0.75rem 0 0.4rem"">Top Threat Actors</div>' +
    actors.map(function(a) {
      return '<div style=""display:flex;justify-content:space-between;align-items:center;padding:0.35rem 0;border-bottom:1px solid var(--border)"">' +
        '<span style=""font-weight:600;cursor:pointer""' + "
renderTIActors:el:=:6f49cdbd80e1,8887,renderTIActors,el,=,static_empty,static_empty,0,,,''
renderTemplateGrid:grid:=:22bebea10749,4220,renderTemplateGrid,grid,=,unescaped_html,unescaped_html,4,,,"html
      ? '<div class=""sc-fade"" style=""display:grid;grid-template-columns:repeat(auto-fill,minmax(320px,1fr));gap:0.85rem"">' + html + '</div>'
      : '<div class=""empty"" style=""padding:1.5rem"">No templates in this category.</div>'"
renderThreatPriorityDetail:document.getElementById('tp-detail-coverage'):=:245364ce0236,6085,renderThreatPriorityDetail,document.getElementById('tp-detail-coverage'),=,unescaped_html,unescaped_html,4,api_response,,"techCoverage.length
    ? '<table class=""u-w100""><thead><tr><th>Technique</th><th>Content</th><th>Prevention</th><th>Detection</th></tr></thead><tbody>' +
      techCoverage.map(function(tc) {
        var content = [
          tc.hasSimulation ? '<span class=""tool-tag"">Sim</span>' : '',
          tc.hasDetection ? '<span class=""tool-tag"">Detect</span>' : '',
          tc.hasCompliance ? '<span cla"
renderThreatPriorityDetail:document.getElementById('tp-detail-factors'):=:34d08d947ad6,6071,renderThreatPriorityDetail,document.getElementById('tp-detail-factors'),=,unescaped_html,unescaped_html,4,api_response,,"factors || '<div class=""empty"">No factor data.</div>'"
renderThreatPriorityDetail:document.getElementById('tp-detail-sources'):=:220b67ae2510,6102,renderThreatPriorityDetail,document.getElementById('tp-detail-sources'),=,unescaped_html,unescaped_html,4,user_created_name,,"sources.length
    ? '<div style=""display:grid;grid-template-columns:repeat(auto-fit,minmax(250px,1fr));gap:0.75rem"">' +
      sources.map(function(s) {
        // ""Unknown"" (never ""None""): an empty field here means this source
        // never supplied it -- e.g. OpenCTI never reports sectors/regions,
        // MISP never reports aliases. Rendering it as ""None"" would read as
        // a positiv"
renderThreatPriorityDetail:document.getElementById('tp-detail-summary'):=:74eef6fc3726,6058,renderThreatPriorityDetail,document.getElementById('tp-detail-summary'),=,partial_escaped,partial_escaped,3,,,"'<div class=""kpi-card""><div class=""kpi-label"">Score</div><div class=""kpi-value"">' + x(d.score) + '</div></div>' +
    '<div class=""kpi-card""><div class=""kpi-label"">Tier</div><div class=""kpi-value"">' + tpTierBadge(d.tier) + '</div></div>' +
    '<div class=""kpi-card""><div class=""kpi-label"">Techniques</div><div class=""kpi-value"">' + x(d.techniqueCount) + '</div></div>' +
    '<div class=""kpi-card""><"
renderThreatPriorityDetail:document.getElementById('tp-detail-title'):=:82f38c25cdbc,6055,renderThreatPriorityDetail,document.getElementById('tp-detail-title'),=,escaped,escaped,1,,,"x(d.actorName) +
    (d.canonicalGroupId ? '  <span class=""tiny muted"" style=""font-weight:400"">&middot; MITRE ' + x(d.canonicalGroupId) + '</span>' : '')"
renderThreatPriorityDetail:document.getElementById('tp-detail-uncovered'):=:7772b63947aa,6074,renderThreatPriorityDetail,document.getElementById('tp-detail-uncovered'),=,escaped,escaped,1,,,"uncovered.length
    ? uncovered.map(function(t) { return '<span class=""tool-tag"">' + x(t) + '</span>'; }).join(' ')
    : '<span class=""muted"">No coverage gaps.</span>'"
renderTmplAgentList:list:=:2751bfd505c0,4327,renderTmplAgentList,list,=,static,static,0,agent,,"'<p class=""tiny muted"" style=""margin:0"">No online agents.</p>'"
renderTmplAgentList:list:=:290ddc7ab3cb,4329,renderTmplAgentList,list,=,escaped,escaped,1,agent,,"online.map(function(a) {
      return '<label style=""display:flex;align-items:center;gap:0.5rem;padding:0.25rem 0.3rem;cursor:pointer"">' +
        '<input type=""checkbox"" ' + (state._tmplSelAgents[a.agentId] ? 'checked' : '') +
        x('change', 'tmplSelAgentChange', a.agentId) + '>' +
        '<code style=""font-size:0.72rem"">' + x(a.agentId) + '</code>' +
        '<span class=""tiny muted"">' + x"
renderTmplOSCompat:warnEl:=:21810e7717a7,4508,renderTmplOSCompat,warnEl,=,escaped,escaped,1,,,"'<div style=""padding:0.5rem 0.65rem;background:rgba(218,54,51,.1);border:1px solid rgba(218,54,51,.3);border-radius:var(--radius);color:#f85149"">' +
      'No selected source can run on any targeted agent — ' + x(skipLines) + '.</div>'"
renderTmplOSCompat:warnEl:=:58c623ab8a40,4517,renderTmplOSCompat,warnEl,=,escaped,escaped,1,,,"'<div style=""padding:0.5rem 0.65rem;background:rgba(210,153,34,.1);border:1px solid rgba(210,153,34,.3);border-radius:var(--radius);color:var(--warning)"">' +
    x(skipLines) + ' (require Windows).' + x(deadNote) + '</div>'"
renderTmplOSCompat:warnEl:=:6f49cdbd80e1,4463,renderTmplOSCompat,warnEl,=,static_empty,static_empty,0,,,''
renderTmplOSCompat:warnEl:=:6f49cdbd80e1,4481,renderTmplOSCompat,warnEl,=,static_empty,static_empty,0,,,''
renderTmplOSCompat:warnEl:=:6f49cdbd80e1,4498,renderTmplOSCompat,warnEl,=,static_empty,static_empty,0,,,''
renderTmplWarn:warn:=:1570473181c7,4434,renderTmplWarn,warn,=,static,static,0,,,"'<div style=""padding:0.55rem 0.75rem;background:rgba(218,54,51,.1);border:1px solid rgba(218,54,51,.3);border-radius:var(--radius);color:#f85149"">Lab mode — full fidelity. Run ONLY in isolated lab range. High-risk techniques will execute without production-safe guards.</div>'"
renderTmplWarn:warn:=:3b41cec7506f,4432,renderTmplWarn,warn,=,static,static,0,,,"'<div style=""padding:0.55rem 0.75rem;background:rgba(35,134,54,.1);border:1px solid rgba(35,134,54,.3);border-radius:var(--radius);color:#56d364"">Telemetry mode — real techniques executed with production-safe guards. All cleanup steps run automatically.</div>'"
renderTmplWarn:warn:=:6f49cdbd80e1,4436,renderTmplWarn,warn,=,static_empty,static_empty,0,,,''
renderVariantRun:cell:=:2ff32a8ace7a,21586,renderVariantRun,cell,=,partial_escaped,partial_escaped,3,,,"'<span style=""color:' + _vexVerdictColor(r.verdict) + ';font-weight:600;font-size:0.78rem"">' + x(r.verdict) + '</span>'"
renderVariantRun:if (wrapperEl) wrapperEl:=:8e94bcdd09f7,21581,renderVariantRun,if (wrapperEl) wrapperEl,=,indirect_variable,partial_escaped,3,,24 assignment(s) to 'wrapperHtml' inside renderVariantRun() @L21514 (scope-resolved) -> partial_escaped,wrapperHtml
renderVariantRun:panel:=:8576b16b3214,21598,renderVariantRun,panel,=,unescaped_html,unescaped_html,4,,,"'<div class=""card""><div data-vex-wrapper style=""display:flex;flex-direction:column;gap:1.2rem;margin-bottom:0.75rem"">' + wrapperHtml + '</div>' + tableHtml + '</div>'"
renderVexSweepList:el:=:6f49cdbd80e1,20910,renderVexSweepList,el,=,static_empty,static_empty,0,,,''
renderVexSweepList:el:=:84f7e3c3eda0,20912,renderVexSweepList,el,=,unescaped_html,unescaped_html,4,agent,,"sweeps.map(function(sw) {
    // A full sweep can have thousands of total variants, so a handful of
    // real completions can round down to a misleading ""0%"" -- floor any
    // nonzero progress at 1% so the bar never looks stuck when it isn't.
    var rawPct = sw.totalVariants > 0 ? (sw.completedVariants / sw.totalVariants) * 100 : 0;
    var pct = rawPct > 0 && rawPct < 1 ? 1 : Math.round(rawP"
resultBtn:host:=:ffa3f74923be,9846,resultBtn,host,=,partial_escaped,partial_escaped,3,,,"'<div style=""border-top:2px solid var(--accent);background:var(--bg);padding:1rem 1.1rem"">' +
    '<div style=""display:flex;justify-content:space-between;align-items:baseline;gap:1rem;margin-bottom:0.7rem"">' +
      '<div><strong style=""font-size:0.9rem"">' + x(i.providerDisplay || i.provider) + '</strong> · <code style=""font-size:0.72rem"">' + x(i.techniqueId) + '</code> · <span style=""text-transfo"
row:document.getElementById('tp-detail-evidence'):=:9c37de47b653,6137,row,document.getElementById('tp-detail-evidence'),=,unescaped_html,unescaped_html,4,,,"'<table class=""u-w100""><thead><tr><th>Technique</th><th>Via</th><th>Confidence</th><th>Since</th></tr></thead><tbody>' +
      techEvidence.map(function(e) {
        var via = e.via ? (e.via + (e.viaName ? ' (' + x(e.viaName) + ')' : '')) : '<span class=""muted"">direct</span>';
        var since = e.startTime ? x(fmtDate(e.startTime)) : '<span class=""muted"">&mdash;</span>';
        return '<tr><td>"
row:document.getElementById('tp-detail-history'):=:1bfa85a5a567,6150,row,document.getElementById('tp-detail-history'),=,escaped,escaped,1,,,"hist.length
    ? '<table class=""u-w100""><thead><tr><th>Date</th><th>Score</th></tr></thead><tbody>' +
      hist.map(function(h) { return '<tr><td>' + x(new Date(h.recordedAt).toLocaleDateString()) + '</td><td>' + x(h.score) + '</td></tr>'; }).join('') +
      '</tbody></table>'
    : '<span class=""muted"">No history yet.</span>'"
row:document.getElementById('tp-detail-recs'):=:898ae3b87a57,6164,row,document.getElementById('tp-detail-recs'),=,static,static,0,,,"'<span class=""muted"">Could not load recommendations.</span>'"
row:document.getElementById('tp-detail-recs'):=:fb59f7a0d2bc,6160,row,document.getElementById('tp-detail-recs'),=,escaped,escaped,1,user_created_name,,"matches.length
      ? matches.map(function(t) { return '<div style=""padding:0.3rem 0"">' + x(t.techniqueId) + ' — ' + x(t.name) + ' <span class=""tiny muted"">(score ' + x(t.score) + ')</span></div>'; }).join('')
      : '<span class=""muted"">No open recommendations for this actor\'s techniques.</span>'"
row:document.getElementById('wz-review'):=:e5e239560bc1,16135,row,document.getElementById('wz-review'),=,indirect_variable,unescaped_html,4,,3 assignment(s) to 'html' inside renderWizardReview() @L16038 (scope-resolved) -> unescaped_html,html
rowHtml:document.getElementById('results-body'):=:230d8358dc8e,13982,rowHtml,document.getElementById('results-body'),=,indirect_variable,escaped,1,,"Local rowHtml(k,v) closure in openIOCDetail escapes v internally (hardened: closes the phase-1-flagged fragile pattern).",body
rowHtml:el:=:a8dfe7e921d5,14001,rowHtml,el,=,unescaped_html,unescaped_html,4,,,"sections || '<div class=""tiny muted"">No relationships recorded.</div>'"
rowHtml:if (el) el:=:4d45c9a1c090,14004,rowHtml,if (el) el,=,static,static,0,,,"'<div class=""tiny muted"">Relationships unavailable.</div>'"
rowf:el:=:279053ca0050,8529,rowf,el,=,unescaped_text,unescaped_text,4,,,"(open.length ? hdr('Top open findings') + open.map(rowf).join('') : '') +
      (regr.length ? hdr('Top regressions') + regr.map(rowf).join('') : '')"
rowf:el:=:63338db7d63f,8526,rowf,el,=,indirect_builder,unescaped_html,4,,hdr() @L8518 (scope-resolved): 1 return(s) -> unescaped_html,"hdr('Recommended next steps') + '<div class=""tiny muted"">No open findings for this campaign.</div>'"
selectTIPack:info:=:123406a83550,8765,selectTIPack,info,=,static,static,0,api_response,,"'<span class=""u-danger"">Failed to fetch pack data.</span>'"
selectTIPack:info:=:70695333f35a,8748,selectTIPack,info,=,static,static,0,,,"'<span class=""u-danger"">No data available for this pack — run more scenarios or reseed content first.</span>'"
selectTIPack:info:=:a06eb30b9758,8757,selectTIPack,info,=,partial_escaped,partial_escaped,3,user_created_name,,"(_tiPackIcons[type] || '') + ' <strong>' + x(pack.packName) + '</strong><br>' +
      '<span class=""u-muted"">' + x(pack.description) + '</span><br>' +
      '<span style=""font-size:0.75rem;margin-top:4px;display:inline-block""><strong>' + pack.techniqueCount + '</strong> techniques &middot; <strong>' + tacticCount + '</strong> tactics' + kevNote + ransomNote + '</span>'"
setCampaignSource:document.getElementById('cmp-scenario-preview'):=:6f49cdbd80e1,8720,setCampaignSource,document.getElementById('cmp-scenario-preview'),=,static_empty,static_empty,0,,,''
showThreatPriorityDetail:document.getElementById('tp-detail-factors'):=:0218a335dcfb,6050,showThreatPriorityDetail,document.getElementById('tp-detail-factors'),=,escaped,escaped,1,error_message,,"'<div class=""empty u-danger"">Failed to load: ' + x(e.message) + '</div>'"
soonPanel:document.getElementById('run-tab-content'):=:7adc696626b0,17796,soonPanel,document.getElementById('run-tab-content'),=,unescaped_html,unescaped_html,4,threat_intel,,"'<div id=""run-tab-overview"" class=""run-tab-panel"">' +
      '<div class=""run-tab-grid"">' +
        '<div>' + scorePanel + '</div>' +
        '<div id=""run-report-extra""></div>' +
      '</div>' +
    '</div>' +
    '<div id=""run-tab-findings"" class=""run-tab-panel"" style=""display:none"">' +
      '<div id=""run-report-findings""><div style=""color:var(--muted);font-size:0.72rem;padding:1.5rem 0;text-al"
soonPanel:document.getElementById('run-tabbar'):=:f5456d6560d5,17833,soonPanel,document.getElementById('run-tabbar'),=,unescaped_html,unescaped_html,4,,,"RUN_TABS.map(function(t, i) {
    return '<button class=""run-tab-btn' + (i === 0 ? ' active' : '') + '"" id=""run-tabbtn-' + t[0] + '""' + x('click', 'switchRunTab', t[0]) + '>' + x(t[1]) + '</button>';
  }).join('')"
soonPanel:extraEl:=:000e9faf7dc9,17872,soonPanel,extraEl,=,static,static,0,,,"'<div style=""color:var(--muted);font-size:0.72rem;padding:0.4rem 0"">Loading&#8230;</div>'"
soonPanel:extraEl:=:6f49cdbd80e1,17884,soonPanel,extraEl,=,static_empty,static_empty,0,,,''
soonPanel:extraEl:=:8a89f49e5dd6,17876,soonPanel,extraEl,=,indirect_builder,partial_escaped,3,,renderRunReportExtra() @L20323 (scope-resolved): 5 return(s) -> partial_escaped,renderRunReportExtra(rep)
soonPanel:if (el) el:=:05b3ceeea0fb,17897,soonPanel,if (el) el,=,static,static,0,,,"'<div style=""color:var(--muted);font-size:0.72rem;padding:1.5rem 0;text-align:center"">Attack flow unavailable.</div>'"
soonPanel:if (el) el:=:05d28a38e57d,17894,soonPanel,if (el) el,=,indirect_builder,unescaped_html,4,,renderAttackFlow() @L20199 (scope-resolved): 6 return(s) -> unescaped_html,"renderAttackFlow(af.nodes || [], af.summary || {})"
soonPanel:if (el) el:=:4b2a80780dc0,17924,soonPanel,if (el) el,=,static,static,0,,,"'<div style=""color:var(--muted);font-size:0.8rem;padding:2.5rem 0;text-align:center"">Indicators unavailable.</div>'"
soonPanel:if (el) el:=:57e4ff8ae29b,17903,soonPanel,if (el) el,=,indirect_builder,unescaped_html,4,,renderVariantCoverage() @L19991 (scope-resolved): 11 return(s) -> unescaped_html,renderVariantCoverage(cov)
soonPanel:if (el) el:=:9d4d108e29ef,17906,soonPanel,if (el) el,=,static,static,0,,,"'<div style=""color:var(--muted);font-size:0.72rem;padding:1.5rem 0;text-align:center"">Variant coverage unavailable.</div>'"
soonPanel:if (findingsEl) findingsEl:=:1ab55760a1c3,17878,soonPanel,if (findingsEl) findingsEl,=,indirect_builder,unescaped_html,4,,renderRunFindings() @L20619 (scope-resolved): 3 return(s) -> unescaped_html,renderRunFindings(rep)
soonPanel:if (findingsEl) findingsEl:=:af0652ed63c6,17886,soonPanel,if (findingsEl) findingsEl,=,static,static,0,,,"'<div style=""color:var(--muted);font-size:0.8rem;padding:2.5rem 0;text-align:center"">Findings unavailable.</div>'"
soonPanel:if (findingsElEarly) findingsElEarly:=:5ddfcb3cebd4,17932,soonPanel,if (findingsElEarly) findingsElEarly,=,indirect_variable,static,0,,1 assignment(s) to 'notReady' inside viewRunResults() @L17285 (scope-resolved) -> static,notReady
soonPanel:if (iocElEarly) iocElEarly:=:5ddfcb3cebd4,17936,soonPanel,if (iocElEarly) iocElEarly,=,indirect_variable,static,0,,1 assignment(s) to 'notReady' inside viewRunResults() @L17285 (scope-resolved) -> static,notReady
soonPanel:if (recEl) recEl:=:cc3ff533d162,17880,soonPanel,if (recEl) recEl,=,indirect_builder,unescaped_html,4,,renderRunRecommendations() @L20646 (scope-resolved): 3 return(s) -> unescaped_html,renderRunRecommendations(rep)
soonPanel:if (recEl) recEl:=:f64c73cc64ef,17888,soonPanel,if (recEl) recEl,=,static,static,0,,,"'<div style=""color:var(--muted);font-size:0.8rem;padding:2.5rem 0;text-align:center"">Recommendations unavailable.</div>'"
soonPanel:if (recElEarly) recElEarly:=:5ddfcb3cebd4,17934,soonPanel,if (recElEarly) recElEarly,=,indirect_variable,static,0,,1 assignment(s) to 'notReady' inside viewRunResults() @L17285 (scope-resolved) -> static,notReady
soonPanel:reportsEl:=:a0e2dc3988f7,17847,soonPanel,reportsEl,=,escaped,escaped,1,agent,,"'<div class=""dash-panel u-mb-1""><div class=""dash-panel-hdr"">Run Metadata</div><div class=""dash-panel-body"">' +
          '<div style=""display:grid;grid-template-columns:repeat(auto-fit,minmax(160px,1fr));gap:0.75rem;font-size:0.78rem"">' +
            '<div><div class=""kpi-label"">Run ID</div><div>' + x(runId) + '</div></div>' +
            '<div><div class=""kpi-label"">Agent</div><div>' + x(run.agen"
soonPanel:reportsEl:=:ae6324141a3e,17862,soonPanel,reportsEl,=,static,static,0,,,"'<div style=""color:var(--muted);font-size:0.8rem;padding:1rem 0"">No exportable output yet — this run hasn\'t completed.</div>'"
startCampaignRerunFromReview:btn:=:c420793ec474,18309,startCampaignRerunFromReview,btn,=,static,static,0,,,'&#9654; Start Re-run'
startCampaignRerunFromReview:btn:=:c420793ec474,18316,startCampaignRerunFromReview,btn,=,static,static,0,,,'&#9654; Start Re-run'
startRerunFromReview:btn:=:c420793ec474,18229,startRerunFromReview,btn,=,static,static,0,,,'&#9654; Start Re-run'
startRerunFromReview:btn:=:c420793ec474,18236,startRerunFromReview,btn,=,static,static,0,,,'&#9654; Start Re-run'
stat:document.getElementById('results-body'):=:ba7ff7c8a7a1,12603,stat,document.getElementById('results-body'),=,partial_escaped,partial_escaped,3,,,"'<div style=""display:flex;align-items:center;gap:0.5rem;margin-bottom:0.3rem"">' + findingSevBadge(r.severity, '') + ' <span class=""tech-id"">' + x(r.techniqueId) + '</span></div>' +
    '<div style=""font-weight:600;font-size:0.98rem;color:var(--text);margin-bottom:0.25rem;line-height:1.3"">' + x(r.techniqueName) + '</div>' +
    '<div class=""tiny muted"" style=""margin-bottom:0.6rem"">Closes ' + r.find"
stat:el:=:5b4ce0e8f2ff,5920,stat,el,=,unescaped_html,unescaped_html,4,,,"'<div class=""card"" style=""margin-top:1rem;padding:1rem"">' +
    '<span class=""kpi-label"">Open exposure windows</span>' + strip +
    '<div class=""tbl-wrap""><table><thead><tr>' +
      '<th>Technique</th><th>Severity</th><th>Days open</th><th>First seen</th><th>Reopened</th>' +
    '</tr></thead><tbody>' + rows + '</tbody></table></div>' +
  '</div>'"
stopVex:if (panel) panel:=:f892e36d9a7f,21468,stopVex,if (panel) panel,=,static,static,0,,,"'<div class=""card"" style=""padding:1.25rem;color:var(--warning);text-align:center"">&#9632; Variant run stopped</div>'"
submitInitiativeAttach:errEl:=:34df0875fe33,13129,submitInitiativeAttach,errEl,=,static,static,0,,,"'<div class=""tiny u-danger"">Select a job to attach.</div>'"
submitInitiativeAttach:errEl:=:5cfb084d1944,13136,submitInitiativeAttach,errEl,=,escaped,escaped,1,api_response,,"'<div class=""tiny u-danger"">' + x(res.error) + '</div>'"
submitInitiativeAttach:errEl:=:6f49cdbd80e1,13132,submitInitiativeAttach,errEl,=,static_empty,static_empty,0,,,''
submitInitiativeAttach:errEl:=:a63991083727,13140,submitInitiativeAttach,errEl,=,escaped,escaped,1,error_message,,"'<div class=""tiny u-danger"">' + x(e.message) + '</div>'"
submitInitiativeCreate:errEl:=:5cfb084d1944,13055,submitInitiativeCreate,errEl,=,escaped,escaped,1,api_response,,"'<div class=""tiny u-danger"">' + x(res.error) + '</div>'"
submitInitiativeCreate:errEl:=:6f49cdbd80e1,13052,submitInitiativeCreate,errEl,=,static_empty,static_empty,0,,,''
submitInitiativeCreate:errEl:=:a63991083727,13060,submitInitiativeCreate,errEl,=,escaped,escaped,1,error_message,,"'<div class=""tiny u-danger"">' + x(e.message) + '</div>'"
submitInitiativeCreate:errEl:=:e1cb6e5dbccd,13049,submitInitiativeCreate,errEl,=,static,static,0,,,"'<div class=""tiny u-danger"">Name is required.</div>'"
tacticChip:grid:=:a66ebb4166b3,4627,tacticChip,grid,=,unescaped_html,unescaped_html,4,user_created_name,,"filtered.map(function(a) {
    var tactics = (a.tactics || []).slice(0, 4).map(tacticChip).join(' ');
    var moreT = a.tactics && a.tactics.length > 4 ? ' <span style=""color:var(--muted);font-size:0.68rem"">+' + (a.tactics.length - 4) + '</span>' : '';
    var desc = (a.description || '').length > 100 ? a.description.substring(0, 97) + '…' : (a.description || 'MITRE CTID adversary emulation profil"
techOnBlur:panel:=:6f49cdbd80e1,17053,techOnBlur,panel,=,static_empty,static_empty,0,,,''
techOnInput:panel:=:6f49cdbd80e1,16987,techOnInput,panel,=,static_empty,static_empty,0,,,''
techOnKeydown:panel:=:6f49cdbd80e1,17042,techOnKeydown,panel,=,static_empty,static_empty,0,,,''
techRenderResults:panel:=:80cdc4a637c4,16997,techRenderResults,panel,=,static,static,0,,,"'<div class=""st-tech-row"" style=""cursor:default;color:var(--muted)"">No matching technique.</div>'"
techRenderResults:panel:=:e57789690f0b,17001,techRenderResults,panel,=,escaped,escaped,1,user_created_name,,"results.map(function(t, i) {
    var tactics = (t.tactics || []).join(', ');
    var platforms = (t.platforms || []).join(', ');
    return '<div class=""st-tech-row' + (i === 0 ? ' active' : '') + '"" data-id=""' + x(t.id) + '""' + x('mousedown', 'techSelectRow') + '>' +
      '<span class=""st-tech-row-id"">' + x(t.id) + '</span><span class=""st-tech-row-name"">' + x(t.name) + '</span>' +
      (tactics"
techRenderSelected:box:=:ca8ba03219cc,16937,techRenderSelected,box,=,escaped,escaped,1,,,"'<div><span class=""st-tech-sel-id"">' + x(id) + '</span>' +
        '<span class=""tiny muted"" style=""margin-left:0.4rem"">' +
        (techniqueCatalog === null ? 'resolving…' : 'not recognized') + '</span></div>' +
      '<span class=""st-tech-sel-actions""><a href=""#""' + x('click', 'techChangeSelection') + '>&#10005; change</a></span>'"
techRenderSelected:box:=:f4b5d505bc4a,16947,techRenderSelected,box,=,escaped,escaped,1,user_created_name,,"'<div><span class=""st-tech-sel-id"">' + x(t.id) + '</span> <span class=""st-tech-sel-name"">' + x(t.name) + '</span>' +
      (tactics ? '<div class=""st-tech-row-meta"">' + x(tactics) + '</div>' : '') +
      (subText ? '<div class=""st-tech-row-meta"">' + x(subText) + '</div>' : '') +
    '</div>' +
    '<span class=""st-tech-sel-actions"">' +
      (t.url ? '<a href=""' + x(t.url) + '"" target=""_blank"" re"
techSelectRow:panel:=:6f49cdbd80e1,17018,techSelectRow,panel,=,static_empty,static_empty,0,,,''
tile:document.getElementById('dash-itsm-tiles'):=:e5e239560bc1,12717,tile,document.getElementById('dash-itsm-tiles'),=,indirect_variable,escaped,1,,"loadDashboardITSM's tile(lbl,val,col) closure doesn't escape lbl internally, but the one caller that passes dynamic data (p.provider, an ITSM byProvider API response) wraps it in x().",html
tile:document.getElementById('rem-tiles'):=:d1843405b08b,12546,tile,document.getElementById('rem-tiles'),=,indirect_builder,unescaped_html,4,,rgba(): no declaration found anywhere in file; tile() @L12540 (scope-resolved): 1 return(s) -> unescaped_html; var(): no declaration found anywhere in file,"tile('Open remediations', l.length, l.length ? 'var(--warning)' : 'var(--success)', 'rgba(210,153,34,0.12)', REM_SVG.wrench16, 'prioritized fixes') +
    tile('Affected findings', findingsTotal, findingsTotal ? 'var(--danger)' : 'var(--success)', 'rgba(218,54,51,0.12)', REM_SVG.flag, 'closed if all applied') +
    tile('Critical remediations', crit, crit ? 'var(--danger)' : 'var(--muted)', crit ? "
tile:el:=:aa0da7afd29e,13904,tile,el,=,indirect_builder,unescaped_html,4,api_response,tile() @L13897 (scope-resolved): 1 return(s) -> unescaped_html,"tile('Most Detected', result.mostDetected, ' detections') +
    tile('Highest Bypass Rate', result.highestBypassRate, ' bypasses') +
    tile('Frequently Reused', result.frequentlyReused, ' sightings') +
    tile('Longest Surviving', result.longestSurviving, ' sightings')"
toggleSimCoverage:if (car) car:=:9c822af7dbd9,19802,toggleSimCoverage,if (car) car,=,static,static,0,,,SIM_COV_OPEN ? '&#9660;' : '&#9654;'
vfCloseDetail:if (h) h:=:6f49cdbd80e1,9876,vfCloseDetail,if (h) h,=,static_empty,static_empty,0,,,''
vfLoadEvidence:host:=:5af37790c274,9945,vfLoadEvidence,host,=,static,static,0,,,"'<div style=""font-size:0.74rem;color:var(--danger)"">Failed to load evidence.</div>'"
vfLoadEvidence:host:=:cf367cccc2b5,9934,vfLoadEvidence,host,=,unescaped_html,unescaped_html,4,,,"list.map(function(e) {
      return '<div style=""display:flex;align-items:center;gap:0.6rem;padding:0.4rem 0.55rem;border:1px solid var(--border);border-radius:6px;margin-bottom:0.35rem;font-size:0.76rem"">' +
        '<span class=""u-success"">&#10003;</span>' +
        '<a href=""/api/evidence/' + encodeURIComponent(e.id) + '/download"" style=""color:var(--accent);text-decoration:none"">' + x(e.display"
vfLoadEvidence:host:=:d51a2c150e66,9932,vfLoadEvidence,host,=,static,static,0,,,"'<div style=""font-size:0.74rem;color:var(--muted)"">No evidence attached yet.</div>'"
vfLoadQueue:box:=:52aae5451493,9789,vfLoadQueue,box,=,escaped,escaped,1,error_message,,"'<div class=""empty"" style=""padding:2rem;color:var(--danger)"">' + x(e.message) + '</div>'"
vfLoadQueue:box:=:b2d40dbd06a2,9782,vfLoadQueue,box,=,static,static,0,,,"'<div class=""empty"" style=""padding:2.5rem;text-align:center;color:var(--muted)"">Select a run to load its pending verifications.</div>'"
vfLoadQueue:box:=:ef5962205875,9783,vfLoadQueue,box,=,static,static,0,,,"'<div class=""empty"" style=""padding:2.5rem;text-align:center;color:var(--muted)"">Loading…</div>'"
vfLoadQueue:box:=:fca586893f1d,9786,vfLoadQueue,box,=,escaped,escaped,1,,,"'<div class=""empty"" style=""padding:2rem;color:var(--danger)"">' + x(d.error) + '</div>'"
vfRenderDomainChips:wrap:=:372a9ff00b9e,9767,vfRenderDomainChips,wrap,=,escaped,escaped,1,,,"all.map(function(d) {
    var active = VF.domain === d.k;
    return '<span' + x('click', 'vfSetDomain', d.k) + ' style=""cursor:pointer;text-transform:capitalize;padding:0.3rem 0.7rem;border-radius:999px;font-size:0.74rem;border:1px solid ' +
      (active ? 'var(--accent)' : 'var(--border)') + ';color:' + (active ? 'var(--accent)' : 'var(--muted)') +
      ';background:' + (active ? 'rgba(79,142,"
vfRenderQueue:box:=:c77bfe52318d,9817,vfRenderQueue,box,=,unescaped_html,unescaped_html,4,,,"'<table style=""width:100%;border-collapse:collapse"">' +
    '<thead><tr style=""text-align:left;font-size:0.68rem;text-transform:uppercase;letter-spacing:0.04em;color:var(--muted)"">' +
    '<th style=""padding:0.6rem 0.8rem"">Status</th><th style=""padding:0.6rem 0.8rem"">Technique</th><th style=""padding:0.6rem 0.8rem"">Expected Control</th><th style=""padding:0.6rem 0.8rem"">Domain</th><th style=""padding"
vfRenderQueue:box:=:cad1094f2793,9798,vfRenderQueue,box,=,escaped,escaped,1,,,"'<div class=""empty"" style=""padding:2.5rem;text-align:center;color:var(--muted)"">No off-host expectations for this run' + (VF.domain ? ' in the ' + x(VF.domain) + ' domain' : '') + '. Endpoint controls are verified automatically.</div>'"
vfToggleHistory:host:=:3ca1c1f96652,9970,vfToggleHistory,host,=,static,static,0,,,"'<div style=""font-size:0.74rem;color:var(--muted)"">Loading history…</div>'"
vfToggleHistory:host:=:5c8cf40f83f5,9986,vfToggleHistory,host,=,static,static,0,,,"'<div style=""font-size:0.74rem;color:var(--danger)"">Failed to load history.</div>'"
vfToggleHistory:host:=:61bf78f8afa9,9974,vfToggleHistory,host,=,unescaped_html,unescaped_html,4,,,"'<div style=""font-size:0.72rem;text-transform:uppercase;letter-spacing:0.04em;color:var(--muted);margin-bottom:0.4rem"">Attestation history (immutable)</div>' +
      h.map(function(r) {
        return '<div style=""display:flex;gap:0.6rem;font-size:0.74rem;padding:0.35rem 0;border-bottom:1px solid var(--border)"">' +
          '<span style=""font-weight:700;color:' + vfStatusColor(r.active ? (r.workf"
vfToggleHistory:host:=:6f49cdbd80e1,9968,vfToggleHistory,host,=,static_empty,static_empty,0,,,''
vfToggleHistory:host:=:eee07750c4e9,9973,vfToggleHistory,host,=,static,static,0,,,"'<div style=""font-size:0.74rem;color:var(--muted)"">No attestations recorded yet.</div>'"
viewRunResults:document.getElementById('results-export'):=:6f49cdbd80e1,17376,viewRunResults,document.getElementById('results-export'),=,static_empty,static_empty,0,,,''
viewRunResults:document.getElementById('results-header-actions'):=:8d3e295873f1,17404,viewRunResults,document.getElementById('results-header-actions'),=,indirect_variable,escaped,1,,2 assignment(s) to 'actionsHtml' inside viewRunResults() @L17285 (scope-resolved) -> escaped,actionsHtml
viewRunResults:document.getElementById('results-summary'):=:14ac4be88bd0,17345,viewRunResults,document.getElementById('results-summary'),=,partial_escaped,partial_escaped,3,agent,,"'<span style=""color:var(--danger);font-weight:600"">' + fail + ' fail</span>' +
      ' &nbsp;/&nbsp; <span style=""color:var(--success);font-weight:600"">' + pass + ' pass</span>' +
      (skipped ? ' &nbsp;/&nbsp; <span class=""u-muted"">' + skipped + ' skipped</span>' : '') +
      ' &nbsp;&middot;&nbsp; ' + results.length + ' total &nbsp;&middot;&nbsp; Agent: <code>' + x(run.agentId) + '</code>' +
"
viewRunResults:document.getElementById('results-summary'):=:b5178044b390,17340,viewRunResults,document.getElementById('results-summary'),=,escaped,escaped,1,agent,,"'<span style=""color:var(--danger);font-weight:600"">Run failed to start</span>' +
      ' &nbsp;&middot;&nbsp; ' + x(run.failReason || 'No reason recorded for this failure.') +
      ' &nbsp;&middot;&nbsp; Agent: <code>' + x(run.agentId) + '</code>'"
viewRunResults:document.getElementById('results-title'):=:5ca182313248,17382,viewRunResults,document.getElementById('results-title'),=,partial_escaped,partial_escaped,3,user_created_name,,"x(run.name) + ' — Results ' +
    '<span class=""sbadge"" style=""background:' + runStatusColor + '22;color:' + runStatusColor + ';border:1px solid ' + runStatusColor + '44;font-size:0.65rem;margin-left:0.4rem;vertical-align:middle"">' + x(run.status || '') + '</span>'"
