line,function,target,op,category,data_source_tags,rhs_len,rhs
4175,renderTemplateGrid,grid,=,unescaped_html,,234,"html
      ? '<div class=""sc-fade"" style=""display:grid;grid-template-columns:repeat(auto-fill,minmax(320px,1fr));gap:0.85rem"">' + html + '</div>'
      : '<div class=""empty"" style=""padding:1.5rem"">No templates in this category.</div>'"
4228,openTmplRun,if (srcsEl) srcsEl,=,unescaped_html,,110,"srcRows || '<span style=""color:var(--muted);font-size:0.8rem"">No sources configured for this template.</span>'"
4282,renderTmplAgentList,list,=,static,agent,62,"'<p class=""tiny muted"" style=""margin:0"">No online agents.</p>'"
4284,renderTmplAgentList,list,=,escaped,agent,490,"online.map(function(a) {
      return '<label style=""display:flex;align-items:center;gap:0.5rem;padding:0.25rem 0.3rem;cursor:pointer"">' +
        '<input type=""checkbox"" ' + (state._tmplSelAgents[a.agentId] ? 'checked' : '') +
        x('change', 'tmplSelAgentChange', a.agentId) + '>' +
        '<code style=""font-size:0.72rem"">' + x(a.agentId) + '</code>' +
        '<span class=""tiny muted"">' + x"
4337,renderGroupCheckboxList,list,=,unescaped_html,,91,"'<p class=""' + emptyClass + '"" style=""margin:0"">No agent groups have been created yet.</p>'"
4345,renderGroupCheckboxList,list,=,unescaped_html,,422,"options.map(function(o) {
    return '<label style=""display:flex;align-items:center;gap:0.5rem;padding:0.25rem 0.3rem;cursor:pointer"">' +
      '<input type=""checkbox"" ' + (stateVar[o.id] ? 'checked' : '') +
      x('change', changeAction, o.id) + '>' +
      '<span style=""font-size:0.8rem"">' + x(o.label) + '</span>' +
      '<span class=""tiny muted"">(' + (countMap[o.id] || 0) + ' agents)</span></"
4387,renderTmplWarn,warn,=,static,,260,"'<div style=""padding:0.55rem 0.75rem;background:rgba(35,134,54,.1);border:1px solid rgba(35,134,54,.3);border-radius:var(--radius);color:#56d364"">Telemetry mode — real techniques executed with production-safe guards. All cleanup steps run automatically.</div>'"
4389,renderTmplWarn,warn,=,static,,276,"'<div style=""padding:0.55rem 0.75rem;background:rgba(218,54,51,.1);border:1px solid rgba(218,54,51,.3);border-radius:var(--radius);color:#f85149"">Lab mode — full fidelity. Run ONLY in isolated lab range. High-risk techniques will execute without production-safe guards.</div>'"
4391,renderTmplWarn,warn,=,static_empty,,2,''
4418,renderTmplOSCompat,warnEl,=,static_empty,,2,''
4436,renderTmplOSCompat,warnEl,=,static_empty,,2,''
4453,renderTmplOSCompat,warnEl,=,static_empty,,2,''
4463,renderTmplOSCompat,warnEl,=,escaped,,235,"'<div style=""padding:0.5rem 0.65rem;background:rgba(218,54,51,.1);border:1px solid rgba(218,54,51,.3);border-radius:var(--radius);color:#f85149"">' +
      'No selected source can run on any targeted agent — ' + x(skipLines) + '.</div>'"
4472,renderTmplOSCompat,warnEl,=,escaped,,223,"'<div style=""padding:0.5rem 0.65rem;background:rgba(210,153,34,.1);border:1px solid rgba(210,153,34,.3);border-radius:var(--radius);color:var(--warning)"">' +
    x(skipLines) + ' (require Windows).' + x(deadNote) + '</div>'"
4567,renderAdversaryLibrary,grid,=,static,,110,"'<div style=""color:var(--muted);font-size:0.82rem;padding:0.5rem 0"">No threat actors match your search.</div>'"
4582,tacticChip,grid,=,unescaped_html,user_created_name,1532,"filtered.map(function(a) {
    var tactics = (a.tactics || []).slice(0, 4).map(tacticChip).join(' ');
    var moreT = a.tactics && a.tactics.length > 4 ? ' <span style=""color:var(--muted);font-size:0.68rem"">+' + (a.tactics.length - 4) + '</span>' : '';
    var desc = (a.description || '').length > 100 ? a.description.substring(0, 97) + '…' : (a.description || 'MITRE CTID adversary emulation profil"
4611,openAdvDrawer,abEl,=,static,,66,"'<div style=""color:var(--muted);font-size:0.78rem"">Loading…</div>'"
4614,openAdvDrawer,runWrap,=,escaped,user_created_name,189,"canRun
      ? '<button class=""btn btn-primary btn-sm u-w100""' + x('click', 'openAdvRunModal', adversaryId, adv ? adv.name : adversaryId) + '>&#9654; Run this adversary</button>'
      : ''"
4623,openAdvDrawer,abEl,=,static,,77,"'<div style=""color:var(--muted);font-size:0.78rem"">No abilities found.</div>'"
4628,openAdvDrawer,abEl,=,unescaped_html,user_created_name,1757,"abs.map(function(ab, i) {
      var col = tacticColors[ab.tactic] || 'var(--muted)';
      var badges = '';
      if ((ab.platforms || []).length) badges += '<span style=""font-size:0.65rem;padding:1px 5px;border-radius:7px;background:var(--surface);border:1px solid var(--border);color:var(--muted)"">' + x(ab.platforms.join('/')) + '</span>';
      if (ab.requiresPayload) badges += '<span style=""fon"
4647,openAdvDrawer,abEl,=,static,,87,"'<div style=""color:var(--muted);font-size:0.78rem"">Could not load ability chain.</div>'"
4666,openAdvRunModal,agSel,=,unescaped_html,agent,272,"state.agents.map(function(a) {
    var os = a.osVersion ? ' [' + (a.osVersion.toLowerCase().indexOf('windows') !== -1 ? 'Win' : 'Other') + ']' : '';
    return '<option value=""' + x(a.agentId) + '"">' + x(a.agentId) + ' — ' + x(a.hostname) + os + '</option>';
  }).join('')"
4691,renderAdvRunWarn,warn,=,static,,191,"'&#9888; <strong>TELEMETRY mode</strong> — runs real, identity-safe ATT&amp;CK techniques and <strong>will generate EDR/SIEM alerts</strong>. Only proceed on an approved, monitored endpoint.'"
4697,renderAdvRunWarn,warn,=,static,,198,"'&#9888; <strong>LAB mode — FULL FIDELITY</strong>. Payload-bearing abilities (credential tools, lateral movement payloads) will execute. <strong>ISOLATED AD RANGE ONLY — NEVER PRODUCTION.</strong>'"
4893,loadAgtOverview,pane,=,static,,61,"'<div style=""color:var(--muted);padding:1rem"">Loading…</div>'"
4896,loadAgtOverview,pane,=,static,,69,"'<div style=""padding:1rem;color:var(--danger)"">Agent not found</div>'"
4900,loadAgtOverview,pane,=,partial_escaped,"agent,scenario,user_created_name",7250,"'<div style=""padding:1rem 1.25rem"">' +
      '<div style=""display:grid;grid-template-columns:1fr 1fr;gap:0.75rem 1.5rem;margin-bottom:1rem"">' +
      kv('Hostname',     x(a.hostname))    + kv('Agent ID', '<code style=""font-size:0.75rem"">' + x(a.agentId) + '</code>') +
      kv('IP Address',   x(a.ipAddress))   + kv('OS', x(a.osVersion || '—')) +
      kv('Username',     x(a.username))    + kv('Env"
4957,loadAgtOverview,pane,=,escaped,error_message,74,"'<div style=""padding:1rem;color:var(--danger)"">' + x(e.message) + '</div>'"
4985,loadAgtScenarios,pane,=,static,,61,"'<div style=""color:var(--muted);padding:1rem"">Loading…</div>'"
4988,loadAgtScenarios,pane,=,static,agent,91,"'<div style=""padding:1rem;color:var(--muted)"">No scenario runs found for this agent.</div>'"
5005,loadAgtScenarios,pane,=,unescaped_html,,666,"'<div style=""padding:1rem 1.25rem"">' +
      '<table style=""width:100%;border-collapse:collapse;font-size:0.8rem"">' +
      '<thead><tr style=""color:var(--muted);font-size:0.7rem;text-transform:uppercase;border-bottom:1px solid var(--border)"">' +
      '<th style=""padding:0.4rem 0.5rem 0.4rem 0;text-align:left"">Scenario</th>' +
      '<th style=""padding:0.4rem 0.5rem;text-align:left"">When</th>' +
"
5015,loadAgtScenarios,pane,=,escaped,error_message,74,"'<div style=""padding:1rem;color:var(--danger)"">' + x(e.message) + '</div>'"
5102,loadAgtLogs,pane,=,unescaped_html,,204,"tierBtns +
      '<div style=""overflow-y:auto;padding:0 1.25rem 1rem"">' +
      '<table style=""width:100%;border-collapse:collapse;font-size:0.79rem"">' +
      '<tbody>' + tbody + '</tbody></table></div>'"
5107,loadAgtLogs,pane,=,partial_escaped,error_message,85,"tierBtns + '<div style=""padding:1rem;color:var(--danger)"">' + x(e.message) + '</div>'"
5184,loadAgtHealth,pane,=,static,,61,"'<div style=""color:var(--muted);padding:1rem"">Loading…</div>'"
5196,loadAgtHealth,pane,=,unescaped_html,,137,"'<div style=""padding:1rem 1.25rem;display:grid;grid-template-columns:repeat(auto-fit,minmax(260px,1fr));gap:0.85rem"">' + cards + '</div>'"
5198,loadAgtHealth,pane,=,escaped,error_message,74,"'<div style=""padding:1rem;color:var(--danger)"">' + x(e.message) + '</div>'"
5205,loadAgtRisk,if (panel) panel,=,static,,56,"'<div class=""empty"" style=""padding:2rem"">Loading…</div>'"
5208,loadAgtRisk,if (panel) panel,=,escaped,error_message,47,"'<div class=""empty"">' + x(e.message) + '</div>'"
5281,renderAgtRisk,panel,=,indirect_variable,,1,h
5287,loadAgtAttackPath,pane,=,static,,61,"'<div style=""color:var(--muted);padding:1rem"">Loading…</div>'"
5290,loadAgtAttackPath,pane,=,static,agent,94,"'<div style=""padding:1rem;color:var(--muted)"">No attack-path jobs found for this agent.</div>'"
5321,loadAgtAttackPath,pane,=,unescaped_html,,758,"'<div style=""padding:0.75rem 1.25rem 0"">' +
      '<table style=""width:100%;border-collapse:collapse;font-size:0.79rem"">' +
      '<thead><tr style=""border-bottom:1px solid var(--border)"">' +
      '<th style=""padding:0.3rem 0.5rem;font-weight:600;font-size:0.7rem;color:var(--muted);text-align:left"">Time</th>' +
      '<th style=""padding:0.3rem 0.5rem;font-weight:600;font-size:0.7rem;color:var(--m"
5331,loadAgtAttackPath,pane,=,escaped,error_message,74,"'<div style=""padding:1rem;color:var(--danger)"">' + x(e.message) + '</div>'"
5420,initComplianceTab,fwSel,=,unescaped_html,user_created_name,139,"_cmpFrameworks.map(function(f) {
        return '<option value=""' + f.id + '"">' + f.name + ' ' + f.version + '</option>';
      }).join('')"
5424,initComplianceTab,fwSel,=,static,,52,"'<option value="""">Error loading frameworks</option>'"
5431,initComplianceTab,agSel,=,escaped,agent,208,"'<option value="""">— Select Agent —</option>' +
      (state.agents || []).map(function(a) {
        return '<option value=""' + x(a.agentId) + '"">' + x(a.hostname || a.agentId) + '</option>';
      }).join('')"
5481,renderComplianceReport,document.getElementById('cmp-header-area'),=,partial_escaped,"agent,user_created_name",2662,"'<div class=""cmp-header-card"" style=""border-top:3px solid ' + fwColor + '"">' +
      '<div class=""cmp-header-left"">' +
        '<div class=""cmp-fw-badge"" style=""color:' + fwColor + ';background:' + fwColor + '22;border-color:' + fwColor + '44"">' + x(r.framework.id || '') + '</div>' +
        '<div class=""cmp-fw-name"">' + x(r.framework.name || '') + '</div>' +
        '<div class=""cmp-fw-version"">'"
5518,renderComplianceReport,document.getElementById('cmp-kpi-area'),=,unescaped_html,,511,"'<div class=""cmp-kpi-row"">' +
    kpis.map(function(k) {
      return '<div class=""cmp-kpi-card"" style=""border-left:3px solid ' + k.border + '"">' +
        '<div class=""cmp-kpi-icon"" style=""color:' + k.color + ';background:' + k.dim + '"">' + k.icon + '</div>' +
        '<div class=""cmp-kpi-value"" style=""color:' + k.color + '"">' + k.val + '</div>' +
        '<div class=""cmp-kpi-label"">' + k.label +"
5530,renderComplianceReport,document.getElementById('cmp-domain-area'),=,unescaped_html,user_created_name,1236,"'<div class=""cmp-section-hdr"">Domain Breakdown</div>' +
    '<div class=""cmp-domain-grid"">' +
    (r.domains || []).map(function(d) {
      var tested = (d.passing||0) + (d.failing||0) + (d.partial||0);
      var p = tested > 0 ? +(d.compliancePct||0) : null;
      var barColor = p === null ? 'rgba(122,148,176,0.3)' : p >= 70 ? '#22d3a6' : p >= 40 ? '#f59e0b' : '#ef4444';
      return '<div class="
5562,renderControlsTable,document.getElementById('cmp-controls-body'),=,unescaped_html,user_created_name,2005,"rows.map(function(c, i) {
    var badge = '<span class=""cmp-badge ' + c.status + '"">' + (statusLabel[c.status] || c.status) + '</span>';
    if (c.status === 'manual') {
      return '<tr><td>' + badge + '</td>' +
        '<td><span class=""cmp-ctrl-id"">' + x(c.id) + '</span></td>' +
        '<td>' + x(c.name) + ' <span class=""cmp-manual-tag"">manual attestation</span></td>' +
        '<td><span cla"
5593,renderControlsTable,document.getElementById('cmp-controls-body'),=,static,,76,"'<tr><td colspan=""7"" class=""empty"">No controls match this filter.</td></tr>'"
5632,loadAttackPath,if (body) body,=,static,,56,"'<div class=""empty"" style=""padding:2rem"">Loading…</div>'"
5687,loadExposureAssets,body,=,static,,54,"'<tr><td colspan=""8"" class=""empty"">Loading…</td></tr>'"
5690,loadExposureAssets,body,=,static,,110,"'<tr><td colspan=""8"" class=""empty"">No assets found — enroll an agent or run attack-path collection.</td></tr>'"
5693,loadExposureAssets,body,=,unescaped_html,,922,"assets.map(function(a) {
      return '<tr class=""u-pointer""' + x('click', 'openExposureDetail', a.asset.hostKey) + '>' +
        '<td class=""u-fw600"">' + x(a.asset.label) + '</td>' +
        '<td>' + (a.asset.managed ? '<span class=""badge"">Managed</span>' : '<span class=""badge u-muted"">Discovered</span>') + '</td>' +
        '<td style=""color:' + apColor(a.exposureScore) + ';font-weight:700"">' + "
5706,loadExposureAssets,body,=,escaped,error_message,91,"'<tr><td colspan=""8"" class=""empty u-danger"">Failed to load: ' + x(e.message) + '</td></tr>'"
5776,renderExecDashboard,el,=,indirect_builder,,276,"edKpiCard('Risk Score', current.avgRiskScore, risk) +
    edKpiCard('Exposure Score', current.exposureScore, exp, noAttackPathData) +
    edKpiCard('Detection Coverage', current.detectionCoverage, det, noAttackPathData) +
    edKpiCard('Fleet Assets', current.assetCount, cnt)"
5832,renderForecast,el,=,static_empty,,2,''
5839,renderForecast,el,=,partial_escaped,,405,"'<div class=""card"" style=""margin-top:1rem;padding:1rem"">' +
    '<div style=""display:flex;justify-content:space-between;align-items:center"">' +
      '<div><span class=""kpi-label"">Risk-score forecast</span> &nbsp;' + edDirectionLabel(fc) + '</div>' +
      conf +
    '</div>' +
    (chart || '<div class=""tiny muted"" style=""margin-top:0.4rem"">Not enough data to chart yet.</div>') +
    note +
  '</"
5853,renderExposure,el,=,static,,210,"'<div class=""card"" style=""margin-top:1rem;padding:1rem"">' +
      '<span class=""kpi-label"">Open exposure windows</span>' +
      '<div class=""tiny muted"" style=""margin-top:0.4rem"">No open findings.</div></div>'"
5875,stat,el,=,unescaped_html,,351,"'<div class=""card"" style=""margin-top:1rem;padding:1rem"">' +
    '<span class=""kpi-label"">Open exposure windows</span>' + strip +
    '<div class=""tbl-wrap""><table><thead><tr>' +
      '<th>Technique</th><th>Severity</th><th>Days open</th><th>First seen</th><th>Reopened</th>' +
    '</tr></thead><tbody>' + rows + '</tbody></table></div>' +
  '</div>'"
5923,loadCoverageMatrix,body,=,static,,61,"'<tr><td colspan=""6"" class=""empty"">Loading&hellip;</td></tr>'"
5929,loadCoverageMatrix,body,=,static_empty,,2,''
5934,loadCoverageMatrix,body,=,unescaped_html,,495,"rows.map(function(r) {
        return '<tr>' +
          '<td class=""u-fw600"">' + x(r.techniqueId) + '</td>' +
          '<td>' + covStatusCell(r.simulationExists) + '</td>' +
          '<td>' + covStatusCell(r.detectionProfileExists) + '</td>' +
          '<td>' + covStatusCell(r.purpleExerciseExists) + '</td>' +
          '<td>' + covStatusCell(r.complianceMappingExists) + '</td>' +
          '<"
5946,loadCoverageMatrix,body,=,escaped,error_message,91,"'<tr><td colspan=""6"" class=""empty u-danger"">Failed to load: ' + x(e.message) + '</td></tr>'"
5972,loadThreatPriorityActors,body,=,static,,61,"'<tr><td colspan=""5"" class=""empty"">Loading&hellip;</td></tr>'"
5977,loadThreatPriorityActors,body,=,static_empty,,2,''
5982,loadThreatPriorityActors,body,=,unescaped_html,,475,"TP_ACTOR_CACHE.map(function(a) {
        return '<tr class=""u-pointer""' + x('click', 'showThreatPriorityDetail', a.actorName) + '>' +
          '<td class=""u-fw600"">' + x(a.actorName) + '</td>' +
          '<td>' + tpTierBadge(a.tier) + '</td>' +
          '<td>' + x(a.score) + '</td>' +
          '<td>' + tpTrendCell(a.trend, a.trendDelta) + '</td>' +
          '<td>' + x(a.coverageGapCount) + ' "
5993,loadThreatPriorityActors,body,=,escaped,error_message,91,"'<tr><td colspan=""5"" class=""empty u-danger"">Failed to load: ' + x(e.message) + '</td></tr>'"
6005,showThreatPriorityDetail,document.getElementById('tp-detail-factors'),=,escaped,error_message,72,"'<div class=""empty u-danger"">Failed to load: ' + x(e.message) + '</div>'"
6010,renderThreatPriorityDetail,document.getElementById('tp-detail-title'),=,escaped,,153,"x(d.actorName) +
    (d.canonicalGroupId ? '  <span class=""tiny muted"" style=""font-weight:400"">&middot; MITRE ' + x(d.canonicalGroupId) + '</span>' : '')"
6013,renderThreatPriorityDetail,document.getElementById('tp-detail-summary'),=,partial_escaped,,505,"'<div class=""kpi-card""><div class=""kpi-label"">Score</div><div class=""kpi-value"">' + x(d.score) + '</div></div>' +
    '<div class=""kpi-card""><div class=""kpi-label"">Tier</div><div class=""kpi-value"">' + tpTierBadge(d.tier) + '</div></div>' +
    '<div class=""kpi-card""><div class=""kpi-label"">Techniques</div><div class=""kpi-value"">' + x(d.techniqueCount) + '</div></div>' +
    '<div class=""kpi-card""><"
6026,renderThreatPriorityDetail,document.getElementById('tp-detail-factors'),=,unescaped_html,api_response,53,"factors || '<div class=""empty"">No factor data.</div>'"
6029,renderThreatPriorityDetail,document.getElementById('tp-detail-uncovered'),=,escaped,,169,"uncovered.length
    ? uncovered.map(function(t) { return '<span class=""tool-tag"">' + x(t) + '</span>'; }).join(' ')
    : '<span class=""muted"">No coverage gaps.</span>'"
6040,renderThreatPriorityDetail,document.getElementById('tp-detail-coverage'),=,unescaped_html,api_response,1068,"techCoverage.length
    ? '<table class=""u-w100""><thead><tr><th>Technique</th><th>Content</th><th>Prevention</th><th>Detection</th></tr></thead><tbody>' +
      techCoverage.map(function(tc) {
        var content = [
          tc.hasSimulation ? '<span class=""tool-tag"">Sim</span>' : '',
          tc.hasDetection ? '<span class=""tool-tag"">Detect</span>' : '',
          tc.hasCompliance ? '<span cla"
6057,renderThreatPriorityDetail,document.getElementById('tp-detail-sources'),=,unescaped_html,user_created_name,1770,"sources.length
    ? '<div style=""display:grid;grid-template-columns:repeat(auto-fit,minmax(250px,1fr));gap:0.75rem"">' +
      sources.map(function(s) {
        // ""Unknown"" (never ""None""): an empty field here means this source
        // never supplied it -- e.g. OpenCTI never reports sectors/regions,
        // MISP never reports aliases. Rendering it as ""None"" would read as
        // a positiv"
6092,row,document.getElementById('tp-detail-evidence'),=,unescaped_html,,556,"'<table class=""u-w100""><thead><tr><th>Technique</th><th>Via</th><th>Confidence</th><th>Since</th></tr></thead><tbody>' +
      techEvidence.map(function(e) {
        var via = e.via ? (e.via + (e.viaName ? ' (' + x(e.viaName) + ')' : '')) : '<span class=""muted"">direct</span>';
        var since = e.startTime ? x(fmtDate(e.startTime)) : '<span class=""muted"">&mdash;</span>';
        return '<tr><td>"
6105,row,document.getElementById('tp-detail-history'),=,escaped,,331,"hist.length
    ? '<table class=""u-w100""><thead><tr><th>Date</th><th>Score</th></tr></thead><tbody>' +
      hist.map(function(h) { return '<tr><td>' + x(new Date(h.recordedAt).toLocaleDateString()) + '</td><td>' + x(h.score) + '</td></tr>'; }).join('') +
      '</tbody></table>'
    : '<span class=""muted"">No history yet.</span>'"
6115,row,document.getElementById('tp-detail-recs'),=,escaped,user_created_name,301,"matches.length
      ? matches.map(function(t) { return '<div style=""padding:0.3rem 0"">' + x(t.techniqueId) + ' — ' + x(t.name) + ' <span class=""tiny muted"">(score ' + x(t.score) + ')</span></div>'; }).join('')
      : '<span class=""muted"">No open recommendations for this actor\'s techniques.</span>'"
6119,row,document.getElementById('tp-detail-recs'),=,static,,60,"'<span class=""muted"">Could not load recommendations.</span>'"
6127,loadRecommendations,body,=,static,,54,"'<tr><td colspan=""7"" class=""empty"">Loading…</td></tr>'"
6131,loadRecommendations,body,=,escaped,error_message,91,"'<tr><td colspan=""7"" class=""empty u-danger"">Failed to load: ' + x(e.message) + '</td></tr>'"
6140,renderRecommendations,body,=,static,,114,"'<tr><td colspan=""7"" class=""empty"">No recommendations yet — seed ATT&CK/ART content to rank techniques.</td></tr>'"
6143,renderRecommendations,body,=,unescaped_html,"threat_intel,user_created_name",1300,"list.map(function(t) {
    var threat = [];
    if (t.kev) threat.push('<span class=""badge"" style=""color:var(--danger);border-color:var(--danger)"">KEV</span>');
    if (t.epssPercentile) threat.push('<span class=""badge"">EPSS ' + Math.round(t.epssPercentile) + '</span>');
    if (t.threatActors) threat.push('<span class=""badge"">' + t.threatActors + ' group' + (t.threatActors === 1 ? '' : 's') + '</"
6185,openExposureDetail,body,=,static,,56,"'<div class=""empty"" style=""padding:2rem"">Loading…</div>'"
6251,expCard,body,=,indirect_variable,,1,h
6253,expCard,body,=,escaped,error_message,72,"'<div class=""empty u-danger"">Failed to load: ' + x(e.message) + '</div>'"
6319,fill,sel,=,escaped,agent,248,"(state.agents || []).map(function(a) {
      return '<option value=""' + x(a.agentId) + '"">' + x(a.hostname || a.agentId) + (a.status === 'offline' ? ' (offline)' : '') + '</option>';
    }).join('') || '<option value="""">No agents enrolled</option>'"
6343,apDiscoverSubnet,btn,=,static,,27,'&#128270; Discover Subnet'
6353,apDiscoverSubnet,btn,=,static,,27,'&#128270; Discover Subnet'
6398,dispatchAPCollect,tl,=,indirect_builder,,843,"_apStep('done', 'Collection started for ' + x(agentLabel) + ' at ' + _apTimestamp(),
        targets.length + ' target' + (targets.length === 1 ? '' : 's') + ' queued — job ' + (r.job ? r.job.id.slice(0,8) : '')) +
      (shDetail ? _apStep('warn', 'SharpHound notice', shDetail) : '') +
      _apStep(jobStatus === 'dispatched' || jobStatus === 'running' ? 'done' : 'active',
        jobStatus === '"
6499,_apRenderJobState,tl,=,indirect_builder,,490,"_apStep(dispatchState, 'Job dispatched — ' + job.id.slice(0,8),
      job.targetCount > 0 ? job.targetCount + ' target' + (job.targetCount === 1 ? '' : 's') + ' queued' : '') +
    _apStep(ackState, statusLabel, '') +
    _apStep(probeState, 'Executing on agent', progDetail) +
    _apStep(uploadState, 'Uploading results…', '') +
    _apStep(graphState, 'Graph built &amp; analysis complete',
      "
6601,_apOnCollected,tl,=,partial_escaped,api_response,605,"step1Html +
    _apStep('done', 'Agent finished probing at ' + _apTimestamp(), x(label) + ' completed TCP probes across all targets.') +
    _apStep('done', 'Collection received — ' + nodes + ' node' + (nodes === 1 ? '' : 's') + ', ' + edges + ' lateral edge' + (edges === 1 ? '' : 's') + ' mapped',
      'The server has built the updated graph. Previous collection (if any) has been superseded by t"
6645,openAPAssets,document.getElementById('ap-assets-body'),=,static,,54,"'<tr><td colspan=""5"" class=""empty"">Loading…</td></tr>'"
6655,renderAPAssets,tb,=,static,,95,"'<tr><td colspan=""7"" class=""empty"">No hosts discovered yet — run a collection first.</td></tr>'"
6658,renderAPAssets,tb,=,unescaped_html,,1899,"AP_ASSETS.map(function(a, i) {
    var tierOpts = AP_CRIT_TIERS.map(function(t) {
      return '<option value=""' + t + '""' + (a.criticalityTier === t ? ' selected' : '') + '>' + (t || '—') + '</option>';
    }).join('');
    return '<tr>' +
      '<td style=""font-family:var(--font-mono);font-size:0.76rem"">' + x(a.label || a.hostKey) +
        (a.label && a.label.toUpperCase() !== (a.hostKey || '')"
6818,renderAgentGroupTree,root,=,unescaped_text,agent,58,allRow + agentGroupTree.map(renderAgentGroupNode).join('')
6931,openGroupPicker,document.getElementById('gp-select'),=,partial_escaped,,158,"'<option value="""">' + topLabel + '</option>' +
    options.map(function(o) { return '<option value=""' + x(o.id) + '"">' + x(o.label) + '</option>'; }).join('')"
7010,renderLegacyMigrationPanel,el,=,partial_escaped,,501,"'<div class=""legacy-migration-header"">Legacy Transport Migration</div>' +
      '<div class=""legacy-migration-days"">Days clean: ' + status.daysClean + ' / ' + status.daysRequired + '</div>' +
      '<div class=""legacy-migration-status ' + (status.eligible ? 'eligible' : 'not-eligible') + '"">' +
        (status.eligible ? 'ELIGIBLE FOR REVIEW' : 'NOT YET ELIGIBLE') +
      '</div>' +
      unattrib"
7068,renderAgentTiles,if (el) el,=,indirect_builder,,358,"tile('Total agents', b.online + b.degraded + b.offline, 'var(--text)') +
    tile('Online', b.online, b.online ? 'var(--success)' : 'var(--muted)') +
    tile('Degraded', b.degraded, b.degraded ? 'var(--warning)' : 'var(--muted)') +
    tile('Offline', b.offline, b.offline ? 'var(--danger)' : 'var(--muted)') +
    tile('Retired', b.retired, 'var(--muted)')"
7092,c,if (el) el,=,indirect_builder,,171,"covSegHtml(
    [['all', 'All'], ['online', 'Online'], ['degraded', 'Degraded'], ['offline', 'Offline'], ['retired', 'Retired']],
    AGENT_FILTER, 'setAgentFilter', c
  )"
7109,renderAgentRows,tbody,=,unescaped_html,,62,"'<tr><td colspan=""8"" class=""empty"">' + emptyMsg + '</td></tr>'"
7112,renderAgentRows,tbody,=,unescaped_html,agent,5699,"list.map(function(a, idx) {
    var dot = agentDotColor(agentBucket(a));
    var menuId = 'agent-menu-' + idx;
    return '<tr>' +
      '<td style=""max-width:180px""><div style=""display:flex;align-items:center;gap:0.5rem""><span style=""width:8px;height:8px;border-radius:50%;flex-shrink:0;background:' + dot + '""></span>' +
        '<div style=""min-width:0""><div class=""cell-main"" style=""font-family:v"
7430,approveForLocalUse,body,=,static,,45,"'<p class=""sub2"">Loading version&hellip;</p>'"
7436,approveForLocalUse,body,=,indirect_builder,,21,approveSummaryHTML(d)
7441,approveForLocalUse,body,=,escaped,error_message,84,"'<p class=""u-danger"">Could not load the version to review: ' + x(e.message) + '</p>'"
7578,renderScenarioLanding,el,=,unescaped_html,,51,"html || '<p class=""empty"">No scenarios loaded.</p>'"
7628,renderScenarios,landingEl,=,static,,43,"'<p class=""empty"">No scenarios loaded.</p>'"
7673,renderScenarios,sgrid,=,indirect_builder,,165,"results.length
      ? '<div class=""sc-fade"">' + renderScenarioTileGroup('search', results) + '</div>'
      : '<p class=""empty"">No scenarios match your search.</p>'"
7702,renderScenarios,grid,=,indirect_builder,,167,"inCat.length
    ? '<div class=""sc-fade"">' + renderScenarioTileGroup(state.scenarioView, inCat) + '</div>'
    : '<p class=""empty"">No scenarios match your filter.</p>'"
8061,loadLicenseInfo,wrap,=,static,,56,"'<div class=""empty"" style=""padding:2rem"">Loading…</div>'"
8063,loadLicenseInfo,wrap,=,escaped,,88,"'<div class=""empty"" style=""padding:2rem;color:var(--danger)"">' + x(lic.error) + '</div>'"
8069,loadLicenseInfo,wrap,=,partial_escaped,,1340,"'<div class=""conn-cfg-card"" style=""max-width:540px"">' +
        '<div style=""display:flex;align-items:center;justify-content:space-between;margin-bottom:1rem"">' +
          '<div style=""font-size:0.72rem;font-weight:700;text-transform:uppercase;letter-spacing:.07em;color:var(--muted)"">Entitlement</div>' +
          '<span class=""sbadge"" style=""background:' + statusColor + '22;color:' + statusColor"
8082,loadLicenseInfo,wrap,=,escaped,error_message,88,"'<div class=""empty"" style=""padding:2rem;color:var(--danger)"">' + x(e.message) + '</div>'"
8106,loadBackups,if (wrap) wrap,=,escaped,,89,"'<div class=""empty"" style=""padding:2rem;color:var(--danger)"">' + x(jobs.error) + '</div>'"
8112,loadBackups,if (wrap) wrap,=,escaped,error_message,88,"'<div class=""empty"" style=""padding:2rem;color:var(--danger)"">' + x(e.message) + '</div>'"
8120,renderBackupStatusCard,wrap,=,static,,132,"'<div class=""conn-cfg-card""><div class=""empty"" style=""padding:1rem 0"">No backups yet. Click ""Backup Now"" to create one.</div></div>'"
8126,renderBackupStatusCard,wrap,=,partial_escaped,,1470,"'<div class=""conn-cfg-card"">' +
      '<div style=""display:flex;align-items:center;justify-content:space-between;margin-bottom:0.6rem"">' +
        '<div style=""font-size:0.72rem;font-weight:700;text-transform:uppercase;letter-spacing:.07em;color:var(--muted)"">Most recent backup</div>' +
        '<span class=""sbadge"" style=""background:' + color + '22;color:' + color + ';border:1px solid ' + color +"
8145,renderBackupJobsTable,tbody,=,static,,107,"'<tr><td colspan=""6"" style=""text-align:center;color:var(--muted);padding:1.5rem"">No backups yet.</td></tr>'"
8148,renderBackupJobsTable,tbody,=,unescaped_html,,1057,"jobs.map(function(j) {
    var color = BACKUP_STATUS_COLOR[j.status] || 'var(--muted)';
    var label = BACKUP_STATUS_LABEL[j.status] || j.status;
    var canRestore = (j.status === 'protected' || j.status === 'local_success');
    return '<tr style=""border-bottom:1px solid var(--border)"">' +
      '<td style=""padding:0.4rem 0.5rem"">' + x(new Date(j.requestedAt).toLocaleString()) + '</td>' +
     "
8197,prepareRestore,wrap,=,escaped,api_response,88,"'<div class=""empty"" style=""padding:1rem;color:var(--danger)"">' + x(res.error) + '</div>'"
8198,prepareRestore,wrap,=,escaped,api_response,749,"'<div class=""conn-cfg-card"" style=""margin-top:1rem;border-color:var(--warning)"">' +
        '<div style=""font-size:0.72rem;font-weight:700;text-transform:uppercase;letter-spacing:.06em;color:var(--warning);margin-bottom:0.5rem"">Restore must be run on the host</div>' +
        '<div style=""font-size:0.8rem;color:var(--muted);margin-bottom:0.6rem"">This console cannot and will not run this for you. A"
8224,fetchAuditPage,tbody,=,static,,113,"'<tr><td colspan=""6"" style=""text-align:center;color:var(--muted);padding:2rem"">No audit records found.</td></tr>'"
8226,fetchAuditPage,tbody,=,unescaped_html,"agent,user_created_name",3010,"entries.map(function(e) {
        var ts = new Date(e.ts);
        var tsStr = ts.toLocaleDateString() + ' ' + ts.toLocaleTimeString([], {hour:'2-digit',minute:'2-digit',second:'2-digit'});
        var actionLabel = AUDIT_ACTION_LABELS[e.action] || e.action;
        var outcomeStyle = e.outcome === 'ok'
          ? 'background:rgba(35,134,54,.18);color:#3fb950;border:1px solid rgba(35,134,54,.35)'"
8285,fetchAuditPage,if (tbody) tbody,=,static,telemetry_log,117,"'<tr><td colspan=""6"" style=""text-align:center;color:var(--danger);padding:2rem"">Failed to load audit logs.</td></tr>'"
8345,count,document.getElementById('campaign-toolbar'),=,indirect_builder,,56,"covSegHtml(items, CAMPAIGN_TAB, 'setCampaignTab', count)"
8351,renderCampaignRows,tb,=,escaped,,120,"'<tr><td colspan=""6"" class=""empty"">No campaigns' + (CAMPAIGN_TAB === 'all' ? ' yet.' : ' in this state.') + '</td></tr>'"
8352,renderCampaignRows,tb,=,unescaped_html,user_created_name,1360,"list.map(function(c) {
    var s = c.summary || {};
    var cds = campaignDisplayStatus(s);
    var status = '<span class=""sbadge s-' + cds.cls + '"">' + x(cds.label) + '</span>';
    if (s.status === 'running') {
      status += '<div class=""prog"" style=""width:90px;margin-top:5px""><i style=""width:' + (s.progress || 0) + '%""></i></div>' +
        '<span class=""tiny muted"">' + (s.progress || 0) + '%"
8448,kv,document.getElementById('campaigns-detail'),=,partial_escaped,user_created_name,1169,"'<div style=""display:flex;align-items:flex-start;justify-content:space-between;gap:1rem;margin-bottom:1rem;flex-wrap:wrap"">' +
        '<div><a class=""tiny"" style=""color:var(--accent);cursor:pointer""' + x('click', 'closeCampaignDetail') + '>&larr; Campaigns</a>' +
        '<h1 style=""font-family:var(--font-display);font-size:1.5rem;font-weight:700;letter-spacing:-0.02em;margin:0.3rem 0;color:var(-"
8483,rowf,el,=,indirect_builder,,99,"hdr('Recommended next steps') + '<div class=""tiny muted"">No open findings for this campaign.</div>'"
8486,rowf,el,=,unescaped_text,,149,"(open.length ? hdr('Top open findings') + open.map(rowf).join('') : '') +
      (regr.length ? hdr('Top regressions') + regr.map(rowf).join('') : '')"
8529,openCampaignLaunch,document.getElementById('cmp-scenario'),=,escaped,"scenario,user_created_name",170,"'<option value="""">— Select a scenario —</option>' +
    state.scenarios.map(function(s) { return '<option value=""' + x(s.id) + '"">' + x(s.name) + '</option>'; }).join('')"
8531,openCampaignLaunch,document.getElementById('cmp-scenario-preview'),=,static_empty,,2,''
8545,openCampaignLaunch,document.getElementById('cmp-filter-env'),=,escaped,,159,"'<option value="""">All environments</option>' +
    Object.keys(envs).map(function(e) { return '<option value=""' + x(e) + '"">' + x(e) + '</option>'; }).join('')"
8552,openCampaignLaunch,typeSel,=,indirect_variable,,4,opts
8560,openCampaignLaunch,groupSel,=,escaped,,147,"Object.keys(CMP.groupsById).map(function(id) {
      return '<option value=""' + x(id) + '"">' + x(CMP.groupsById[id]) + '</option>';
    }).join('')"
8587,cmpOnGroupChange,document.getElementById('cmp-group-preview'),=,static_empty,,2,''
8587,cmpOnGroupChange,document.getElementById('cmp-exclusions'),=,static_empty,,2,''
8602,renderCampaignGroupPreview,document.getElementById('cmp-group-preview'),=,unescaped_html,,123,"'<div>' + list.length + ' agents — ' + osLine + '</div>' +
    '<div>' + online + ' online · ' + offline + ' offline</div>'"
8605,renderCampaignGroupPreview,document.getElementById('cmp-exclusions'),=,escaped,agent,375,"list.map(function(a) {
    return '<label style=""display:flex;align-items:center;gap:0.5rem;padding:0.25rem 0.3rem;cursor:pointer"">' +
      '<input type=""checkbox""' + x('change', 'cmpToggleExclusionFromChecked', a.agentId) + '>' +
      '<code style=""font-size:0.72rem"">' + x(a.agentId) + '</code><span class=""tiny muted"">' + x(a.hostname) + '</span></label>';
  }).join('')"
8677,setCampaignSource,document.getElementById('cmp-scenario-preview'),=,static_empty,,2,''
8705,selectTIPack,info,=,static,,109,"'<span class=""u-danger"">No data available for this pack — run more scenarios or reseed content first.</span>'"
8714,selectTIPack,info,=,partial_escaped,user_created_name,371,"(_tiPackIcons[type] || '') + ' <strong>' + x(pack.packName) + '</strong><br>' +
      '<span class=""u-muted"">' + x(pack.description) + '</span><br>' +
      '<span style=""font-size:0.75rem;margin-top:4px;display:inline-block""><strong>' + pack.techniqueCount + '</strong> techniques &middot; <strong>' + tacticCount + '</strong> tactics' + kevNote + ransomNote + '</span>'"
8722,selectTIPack,info,=,static,api_response,58,"'<span class=""u-danger"">Failed to fetch pack data.</span>'"
8758,_applyGeneratedTIScenario,el,=,partial_escaped,,144,'&#10003; Generated: <strong>' + x(pack.suggestedName) + '</strong> — ' + pack.techniqueCount + ' techniques. Ready to configure targets below.'
8787,_selectCmpScenario,document.getElementById('cmp-scenario'),=,escaped,"scenario,user_created_name",220,"'<option value="""">— Select a scenario —</option>' +
    state.scenarios.map(function(s) {
      return '<option value=""' + x(s.id) + '""' + (s.id === id ? ' selected' : '') + '>' + x(s.name) + '</option>';
    }).join('')"
8799,cmpOnExistingScenarioChange,el,=,static_empty,,2,''
8801,cmpOnExistingScenarioChange,el,=,static_empty,,2,''
8805,cmpOnExistingScenarioChange,el,=,partial_escaped,,18,x(desc) + tagsLine
8824,loadKEVWidget,tiles,=,unescaped_html,,1161,"hasKev ?
      '<div class=""kpi-card stat-tile"" title=""Techniques with CISA KEV CVEs — create a pack to validate them"">' +
      '<div class=""stat-top""><div><div class=""kpi-label"">KEV-Linked Techniques</div><div class=""kpi-value u-danger"">' + pack.techniqueCount + '</div></div>' +
      '<div class=""stat-icon"" style=""background:rgba(218,54,51,0.10);color:var(--danger)"">&#9760;</div></div>' +
     "
8844,renderTIActors,el,=,static_empty,,2,''
8845,renderTIActors,el,=,unescaped_html,actor,660,"'<div style=""font-size:0.68rem;font-weight:600;letter-spacing:0.05em;color:var(--muted);text-transform:uppercase;margin:0.75rem 0 0.4rem"">Top Threat Actors</div>' +
    actors.map(function(a) {
      return '<div style=""display:flex;justify-content:space-between;align-items:center;padding:0.35rem 0;border-bottom:1px solid var(--border)"">' +
        '<span style=""font-weight:600;cursor:pointer""' + "
8889,loadEndpointPostureWidget,tiles,=,indirect_variable,,4,html
8912,loadReadinessTrends,summary,=,unescaped_html,api_response,290,"'<span style=""margin-right:1rem""><strong class=""u-success"">' + improved + '</strong> improved</span>' +
        '<span style=""margin-right:1rem""><strong class=""u-danger"">' + regressed + '</strong> regressed</span>' +
        '<span><strong>' + data.total + '</strong> actors tracked</span>'"
8919,loadReadinessTrends,el,=,unescaped_html,,869,"rows.map(function(t) {
      var arrow = t.direction === 'up'
        ? '<span style=""color:var(--success);font-weight:700"">&#8679; +' + t.preventionDelta.toFixed(1) + '%</span>'
        : t.direction === 'down'
        ? '<span style=""color:var(--danger);font-weight:700"">&#8681; ' + t.preventionDelta.toFixed(1) + '%</span>'
        : '<span class=""u-muted"">&#8213;</span>';
      var prevColor = _"
8947,renderCampaignTargets,document.getElementById('cmp-targets'),=,unescaped_html,agent,518,"list.length ? list.map(function(a) {
    return '<label style=""display:flex;align-items:center;gap:0.5rem;padding:0.25rem 0.3rem;cursor:pointer"">' +
      '<input type=""checkbox"" ' + (state._cmpSel[a.agentId] ? 'checked' : '') + ' ' + x('change', 'cmpSelChange', a.agentId) + '>' +
      '<code style=""font-size:0.72rem"">' + x(a.agentId) + '</code><span class=""tiny muted"">' + x(a.hostname) + ' · ' +"
9013,loadComplianceScores,el,=,static,,134,"'<div style=""color:var(--muted);font-size:0.78rem;padding:0.4rem 0"">No compliance data yet — run a scenario to generate scores.</div>'"
9016,loadComplianceScores,el,=,unescaped_text,,35,scores.map(complianceTile).join('')
9143,refreshDashboardCampaigns,el,=,static,,71,"'<div class=""empty"" style=""padding:1.5rem"">No campaigns running.</div>'"
9144,refreshDashboardCampaigns,el,=,unescaped_html,user_created_name,952,"liveList.map(function(c) {
      var s = c.summary || {};
      var cds = campaignDisplayStatus(s);
      return '<div class=""lrow u-pointer""' + x('click', 'openCampaignDetail', c.id) + '>' +
        '<div class=""lic"" style=""color:var(--accent);background:rgba(47,129,247,0.1)""><svg width=""16"" height=""16"" viewBox=""0 0 16 16"" fill=""none"" stroke=""currentColor"" stroke-width=""1.4""><path d=""M1 8h3l2-5 4"
9210,loadCalderaStatus,document.getElementById('cs-caldera-status'),=,indirect_variable,,3,dot
9236,loadCalderaStatus,document.getElementById('cs-caldera-status'),=,static,,53,"'<span class=""u-danger"">Error checking status</span>'"
9278,openConfirmDiffModal,document.getElementById('confirm-diff-body'),=,indirect_variable,,8,diffHtml
9350,populateCoverageFilters,scenSel,=,escaped,user_created_name,172,"'<option value="""">All scenarios</option>' +
      (state.scenarios || []).map(function(s) { return '<option value=""' + x(s.id) + '"">' + x(s.name) + '</option>'; }).join('')"
9358,populateCoverageFilters,agSel,=,escaped,agent,188,"'<option value="""">All agents</option>' +
      (state.agents || []).map(function(a) { return '<option value=""' + x(a.agentId) + '"">' + x(a.hostname || a.agentId) + '</option>'; }).join('')"
9393,renderCoverageAnalytics,tacBody,=,unescaped_html,,627,"(d.byTactic || []).map(function(t, i) {
      var bg = i % 2 ? 'background:rgba(255,255,255,.02)' : '';
      var mColor = t.missed > 0 ? 'color:var(--danger);font-weight:700' : 'color:var(--muted)';
      return '<tr style=""' + bg + '"">' +
        '<td>' + x(t.tactic) + '</td>' +
        '<td style=""text-align:center;color:var(--success)"">' + t.prevented + '</td>' +
        '<td style=""text-align"
9409,renderCoverageAnalytics,missedBody,=,unescaped_html,user_created_name,770,"missed.map(function(t, i) {
      var bg = i % 2 ? 'background:rgba(255,255,255,.02)' : '';
      var vColor = t.bestVerdict === 'missed' ? 'color:var(--danger)' : 'color:var(--warning)';
      var vDot   = t.bestVerdict === 'missed' ? '● ' : '◐ ';
      return '<tr style=""' + bg + '"">' +
        '<td style=""font-family:var(--font-mono);font-size:0.76rem;' + vColor + '"">' + vDot + x(t.techniqueId)"
9442,renderPrivilegeCoverage,cards,=,unescaped_html,,662,"tiers.map(function(t) {
      var col  = tierColor[t.tier] || 'var(--muted)';
      var lbl  = tierLabel[t.tier] || t.tier;
      var rate = t.attempted > 0 ? t.preventionRate : 0;
      var rateColor = rate >= 75 ? 'var(--success)' : rate >= 40 ? 'var(--warning)' : 'var(--danger)';
      return '<div class=""ca-card"" style=""border-top:2px solid ' + col + '"">' +
        '<div class=""ca-label"" style"
9458,renderPrivilegeCoverage,tierBody,=,unescaped_html,,1480,"tiers.map(function(t, i) {
      var bg   = i % 2 ? 'background:rgba(255,255,255,.02)' : '';
      var col  = tierColor[t.tier] || 'var(--muted)';
      var lbl  = tierLabel[t.tier] || t.tier;
      var rate = t.attempted > 0 ? t.preventionRate : 0;
      var rateColor = rate >= 75 ? 'color:var(--success)' : rate >= 40 ? 'color:var(--warning)' : 'color:var(--danger)';
      var barW = Math.min(100"
9484,renderPrivilegeCoverage,gapBody,=,static,,102,"'<tr><td colspan=""3"" class=""empty u-success"">✓ All annotated techniques tested at user tier</td></tr>'"
9486,renderPrivilegeCoverage,gapBody,=,unescaped_html,user_created_name,839,"gaps.slice(0, 25).map(function(g, i) {
        var bg = i % 2 ? 'background:rgba(255,255,255,.02)' : '';
        var tierBadges = (g.tiers || []).map(function(t) {
          var c = tierColor[t] || 'var(--muted)';
          return '<span style=""font-size:0.65rem;border:1px solid ' + c + ';color:' + c + ';border-radius:2px;padding:1px 4px;margin-right:2px"">' + (tierLabel[t] || t) + '</span>';
     "
9499,renderPrivilegeCoverage,gapBody,+=,unescaped_likely_safe,,144,"'<tr><td colspan=""3"" style=""text-align:center;color:var(--muted);font-size:0.72rem;padding:4px"">… and ' + (gaps.length - 25) + ' more</td></tr>'"
9521,loadUnifiedTechniques,sel,=,escaped,,170,"'<option value=""all"">All tactics</option>' +
        Object.keys(tacSet).sort().map(function(t) { return '<option value=""' + x(t) + '"">' + x(t) + '</option>'; }).join('')"
9597,cell,if (body) body,=,unescaped_html,,74,"rows || '<tr><td colspan=""9"" class=""empty"">No techniques match.</td></tr>'"
9622,loadCoverage,document.getElementById('cov-matrix'),=,escaped,error_message,68,"'<div class=""empty"" style=""padding:2rem"">' + x(e.message) + '</div>'"
9627,renderCovMatrix,document.getElementById('cov-matrix'),=,unescaped_html,user_created_name,748,"'<div class=""mx"">' + (state._covTactics || []).map(function(t) {
    var techs = t.techniques || [];
    var cov = techs.filter(function(c) { return st[c.id] === 'cov'; }).length;
    var cells = techs.map(function(c) {
      var s = st[c.id] || 'none', dim = view !== 'all' && view !== s;
      return '<div class=""mx-cell ' + s + '""' + x('click', 'openTechnique', c.id) + ' style=""' + (dim ? 'opaci"
9643,badge,document.getElementById('cov-toolbar'),=,partial_escaped,,223,"seg + '<span class=""u-flex1""></span>' +
    badge('var(--success)', 'Prevented', c.cov) + badge('var(--warning)', 'Detected', c.part) +
    badge('var(--danger)', 'Missed', c.gap) + badge('var(--muted)', 'Untested', c.none)"
9656,openTechnique,document.getElementById('results-export'),=,static_empty,,2,''
9664,list,document.getElementById('results-body'),=,indirect_variable,,4,body
9716,loadVerificationTab,sel,=,indirect_variable,,4,opts
9725,vfRenderDomainChips,wrap,=,escaped,,474,"all.map(function(d) {
    var active = VF.domain === d.k;
    return '<span' + x('click', 'vfSetDomain', d.k) + ' style=""cursor:pointer;text-transform:capitalize;padding:0.3rem 0.7rem;border-radius:999px;font-size:0.74rem;border:1px solid ' +
      (active ? 'var(--accent)' : 'var(--border)') + ';color:' + (active ? 'var(--accent)' : 'var(--muted)') +
      ';background:' + (active ? 'rgba(79,142,"
9740,vfLoadQueue,box,=,static,,134,"'<div class=""empty"" style=""padding:2.5rem;text-align:center;color:var(--muted)"">Select a run to load its pending verifications.</div>'"
9741,vfLoadQueue,box,=,static,,95,"'<div class=""empty"" style=""padding:2.5rem;text-align:center;color:var(--muted)"">Loading…</div>'"
9744,vfLoadQueue,box,=,escaped,,86,"'<div class=""empty"" style=""padding:2rem;color:var(--danger)"">' + x(d.error) + '</div>'"
9747,vfLoadQueue,box,=,escaped,error_message,88,"'<div class=""empty"" style=""padding:2rem;color:var(--danger)"">' + x(e.message) + '</div>'"
9756,vfRenderQueue,box,=,escaped,,235,"'<div class=""empty"" style=""padding:2.5rem;text-align:center;color:var(--muted)"">No off-host expectations for this run' + (VF.domain ? ' in the ' + x(VF.domain) + ' domain' : '') + '. Endpoint controls are verified automatically.</div>'"
9775,vfRenderQueue,box,=,unescaped_html,,626,"'<table style=""width:100%;border-collapse:collapse"">' +
    '<thead><tr style=""text-align:left;font-size:0.68rem;text-transform:uppercase;letter-spacing:0.04em;color:var(--muted)"">' +
    '<th style=""padding:0.6rem 0.8rem"">Status</th><th style=""padding:0.6rem 0.8rem"">Technique</th><th style=""padding:0.6rem 0.8rem"">Expected Control</th><th style=""padding:0.6rem 0.8rem"">Domain</th><th style=""padding"
9804,resultBtn,host,=,partial_escaped,,2998,"'<div style=""border-top:2px solid var(--accent);background:var(--bg);padding:1rem 1.1rem"">' +
    '<div style=""display:flex;justify-content:space-between;align-items:baseline;gap:1rem;margin-bottom:0.7rem"">' +
      '<div><strong style=""font-size:0.9rem"">' + x(i.providerDisplay || i.provider) + '</strong> · <code style=""font-size:0.72rem"">' + x(i.techniqueId) + '</code> · <span style=""text-transfo"
9834,vfCloseDetail,if (h) h,=,static_empty,,2,''
9890,vfLoadEvidence,host,=,static,,83,"'<div style=""font-size:0.74rem;color:var(--muted)"">No evidence attached yet.</div>'"
9892,vfLoadEvidence,host,=,unescaped_html,,1029,"list.map(function(e) {
      return '<div style=""display:flex;align-items:center;gap:0.6rem;padding:0.4rem 0.55rem;border:1px solid var(--border);border-radius:6px;margin-bottom:0.35rem;font-size:0.76rem"">' +
        '<span class=""u-success"">&#10003;</span>' +
        '<a href=""/api/evidence/' + encodeURIComponent(e.id) + '/download"" style=""color:var(--accent);text-decoration:none"">' + x(e.display"
9903,vfLoadEvidence,host,=,static,,83,"'<div style=""font-size:0.74rem;color:var(--danger)"">Failed to load evidence.</div>'"
9926,vfToggleHistory,host,=,static_empty,,2,''
9928,vfToggleHistory,host,=,static,,74,"'<div style=""font-size:0.74rem;color:var(--muted)"">Loading history…</div>'"
9931,vfToggleHistory,host,=,static,,87,"'<div style=""font-size:0.74rem;color:var(--muted)"">No attestations recorded yet.</div>'"
9932,vfToggleHistory,host,=,unescaped_html,,963,"'<div style=""font-size:0.72rem;text-transform:uppercase;letter-spacing:0.04em;color:var(--muted);margin-bottom:0.4rem"">Attestation history (immutable)</div>' +
      h.map(function(r) {
        return '<div style=""display:flex;gap:0.6rem;font-size:0.74rem;padding:0.35rem 0;border-bottom:1px solid var(--border)"">' +
          '<span style=""font-weight:700;color:' + vfStatusColor(r.active ? (r.workf"
9944,vfToggleHistory,host,=,static,,82,"'<div style=""font-size:0.74rem;color:var(--danger)"">Failed to load history.</div>'"
10001,loadEmTab,summaryEl,=,static,api_response,105,"'<div class=""empty"" style=""padding:0.5rem"">Run one or more EM scenarios to generate coverage data.</div>'"
10005,loadEmTab,summaryEl,=,partial_escaped,,973,"'<div style=""display:flex;align-items:center;gap:2rem;flex-wrap:wrap"">' +
            emSummaryBig(overallPct + '%', 'Overall Score', col) +
            emSummaryBig(layersRun + '/14', 'Layers Run', 'var(--text)') +
            emSummaryBig(layersPass + '', 'Layers Passing', 'var(--success)') +
            emSummaryBig(layersFail + '', 'Layers Failing', layersFail ? 'var(--danger)' : 'var(--muted)"
10023,loadEmTab,gridEl,=,unescaped_html,"agent,user_created_name",3462,"EM_CATALOG.map(function(e) {
      var run = lastRunMap[e.id];
      var p = 0, f = 0;
      if (run) {
        (run.results || []).forEach(function(c) {
          if (c.result === 'pass' || c.result === 'blocked') p++;
          else if (c.result === 'fail') f++;
        });
      }
      var pct = (p + f) ? Math.round(p / (p + f) * 100) : null;
      var col = pct === null ? 'var(--muted)' : _ri"
10100,openEMSweepModal,sel,=,escaped,agent,149,"state.agents.map(function(a) {
    return '<option value=""' + x(a.agentId) + '"">' + x(a.agentId) + ' — ' + x(a.hostname) + '</option>';
  }).join('')"
10115,renderEMSweepGroupList,list,=,static,,83,"'<p class=""tiny muted"" style=""margin:0"">No agent groups have been created yet.</p>'"
10118,renderEMSweepGroupList,list,=,escaped,,356,"options.map(function(o) {
    return '<label style=""display:flex;align-items:center;gap:0.5rem;padding:0.25rem 0.3rem;cursor:pointer"">' +
      '<input type=""checkbox"" ' + (state._emGroupSel[o.id] ? 'checked' : '') +
      x('change', 'emGroupSelChange', o.id) + '>' +
      '<span style=""font-size:0.8rem"">' + x(o.label) + '</span></label>';
  }).join('')"
10310,renderSweepPreview,filtersEl,=,partial_escaped,,319,"'<select' + x('change', 'setVexPreviewTacticFromSelect') + ' class=""btn btn-outline btn-sm u-flex1"">' + tacticOpts + '</select>' +
      '<input type=""text"" placeholder=""Search T-ID or name…"" value=""' + x(_vexPreviewSearch) + '""' + x('input', 'setVexPreviewSearchFromInput') + ' class=""btn btn-outline btn-sm u-flex1"">'"
10321,renderSweepPreview,filtersEl,=,escaped,,186,"'<input type=""text"" placeholder=""Search extra scenarios to add…"" value=""' + x(_emExtraSearch) + '""' + x('input', 'setEMExtraSearchFromInput') + ' class=""btn btn-outline btn-sm u-flex1"">'"
10348,_renderVexPreviewList,listEl,=,indirect_builder,,175,"_renderVexPreviewSection('art', 'ART', artFiltered, _vexPreviewArtCollapsed) +
    _renderVexPreviewSection('caldera', 'Caldera', calderaFiltered, _vexPreviewCalderaCollapsed)"
10491,_renderEMPreviewList,listEl,=,unescaped_text,,43,fixedHtml + extraHeaderHtml + extraRowsHtml
10594,openEMSweepProgress,document.getElementById('em-sweep-progress-actions'),=,static_empty,,2,''
10654,renderEMSweepProgress,document.getElementById('em-sweep-progress-summary'),=,partial_escaped,,238,"'<strong>' + sw.completedLayers + '/' + sw.totalLayers + '</strong> layers complete &middot; status: ' + x(sweepStatusLabel(sw.status)) +
    (sw.error ? '<div style=""color:var(--danger);margin-top:0.3rem"">' + x(sw.error) + '</div>' : '')"
10661,renderEMSweepProgress,document.getElementById('em-sweep-progress-actions'),=,partial_escaped,,1159,"terminal
    ? '<button class=""btn btn-outline btn-sm""' + x('click', 'openEMSweepReport', sw.id) + ' title=""Open the combined EM sweep report"">&#8599; HTML Report</button> ' +
      '<button class=""btn btn-outline btn-sm""' + x('click', 'downloadEMSweepReport', sw.id) + ' title=""Download the combined EM sweep report as a PDF file"">&#8595; PDF Report</button>'
    // Previously there was no cancel c"
10674,renderEMSweepProgress,list,=,unescaped_html,user_created_name,2256,"(sw.layers || []).map(function(layerId, i) {
    var layerState = i < sw.currentIndex ? 'done' : (i === sw.currentIndex && sw.status === 'running') ? 'running' : 'pending';
    var color = layerState === 'done' ? 'var(--success)' : layerState === 'running' ? 'var(--accent)' : 'var(--muted)';
    var label = layerState === 'done' ? '&#10003;' : layerState === 'running' ? '&#9679;' : '&#9675;';
    "
11025,fmt,document.getElementById('evidence-content'),=,indirect_variable,,4,html
11332,confirmRun,runBtn,=,unescaped_likely_safe,agent,48,'Dispatching to ' + agentIds.length + ' agents…'
11351,confirmRun,runBtn,=,static,,13,'&#9654; Run'
11505,cmdkResultFallback,document.getElementById('results-export'),=,static_empty,,2,''
11506,cmdkResultFallback,document.getElementById('results-summary'),=,static_empty,,2,''
11507,cmdkResultFallback,document.getElementById('results-body'),=,escaped,user_created_name,352,"(r.description ? '<p style=""margin-bottom:0.8rem"">' + x(r.description) + '</p>' : '') +
    ((r.tags || []).length ? '<div style=""display:flex;gap:0.4rem;flex-wrap:wrap"">' +
      r.tags.map(function(t) { return '<span class=""sbadge"" style=""background:transparent;border:1px solid var(--border)"">' + x(t) + '</span>'; }).join('') +
      '</div>' : '')"
11537,openCmdk,wrap,=,static,,629,"'<div class=""cmdk"" role=""dialog"" aria-label=""Command palette"">' +
      '<div class=""cmdk-in"">' +
        '<svg width=""16"" height=""16"" viewBox=""0 0 24 24"" fill=""none"" stroke=""currentColor"" stroke-width=""2""><circle cx=""11"" cy=""11"" r=""7""/><path d=""M21 21l-4-4""/></svg>' +
        '<input id=""cmdk-input"" placeholder=""Type a command or search…"" autocomplete=""off"">' +
        '<span class=""cmdk-esc"">esc"
11644,render,list,=,static,,42,"'<div class=""cmdk-empty"">No matches</div>'"
11645,render,list,=,unescaped_html,,537,"flat.map(function(f, i) {
      if (f.sec) return '<div class=""cmdk-sec"">' + x(f.sec) + '</div>';
      // f.docType is only set for search-result/recents rows (Phase 3) --
      // static Navigate/Actions rows never get the star affordance.
      var star = f.docType
        ? '<span data-fav-ci=""' + i + '"" style=""cursor:pointer;margin-right:0.5rem;color:' + (f.fav ? 'var(--warning)' : 'var(--mut"
11703,loadUsers,tbody,=,static,,61,"'<tr><td colspan=""6"" class=""empty"">No users found.</td></tr>'"
11704,loadUsers,tbody,=,unescaped_html,"api_response,user_created_name",1247,"data.map(function(u) {
      var statusBadge = u.isActive ? '<span class=""sbadge s-completed"">Active</span>' : '<span class=""sbadge s-offline"">Disabled</span>';
      var mustPw = u.mustChangePw ? ' <span class=""tag u-warning"">pw reset</span>' : '';
      var actions =
        '<button class=""btn btn-outline btn-sm""' + x('click', 'openEditUser', u.id, u.username, u.role) + '>Edit</button>' +
     "
11952,aggOf,if (trend === 'Improving')      tEl,=,static,,34,"'<span class=""trend up"">▲</span> '"
11953,aggOf,else if (trend === 'Degrading') tEl,=,static,,36,"'<span class=""trend down"">▼</span> '"
11954,aggOf,else                            tEl,=,static,,36,"'<span class=""trend flat"">—</span> '"
11956,aggOf,document.getElementById('kpi-score-spark'),=,indirect_builder,,44,"sparkSVG(prevSeries, 110, 30, 'var(--teal)')"
11959,aggOf,document.getElementById('dash-gauge'),=,partial_escaped,,164,"gaugeSVG(prevPct, 124, 14) +
        '<div class=""ring-c""><span class=""rv"" style=""color:' + prevCol + '"">' + prevPct + '</span><span class=""rl"">of 100</span></div>'"
11969,aggOf,document.getElementById('dash-posture-bars'),=,indirect_builder,,26,"miniBars(barData, 320, 64)"
11997,aggOf,document.getElementById('kpi-cov-spark'),=,indirect_builder,,46,"sparkSVG(covSeries, 110, 30, 'var(--warning)')"
12017,aggOf,donutEl,=,static,,43,"'<div class=""empty"">No run data yet.</div>'"
12028,lg,donutEl,=,partial_escaped,,1443,"'<div style=""position:relative;flex-shrink:0"">' +
          donutSVG([
            { v: eff.prevented, color: 'var(--teal)' },
            { v: eff.detected, color: 'var(--warning)' },
            { v: eff.missed, color: 'var(--danger)' },
            { v: eff.other, color: 'var(--elevated)' }
          ]) +
          '<div style=""position:absolute;inset:0;display:flex;flex-direction:column;align-"
12058,lg,afEl,=,static,,88,"'<div class=""empty"" style=""padding:1.5rem"">No kill-chain data for the latest run.</div>'"
12059,lg,afEl,=,indirect_builder,,57,"'<div class=""killchain"">' + killChainNodes(kc) + '</div>'"
12062,lg,afEl,=,static,,74,"'<div class=""empty"" style=""padding:1.5rem"">Attack flow unavailable.</div>'"
12069,lg,rrEl,=,static,,62,"'<div class=""empty"" style=""padding:1.5rem"">No runs yet.</div>'"
12071,lg,rrEl,=,unescaped_html,user_created_name,1451,"recent.map(function(r) {
        var cnt = (r.results || []).length;
        var fail = (r.results || []).filter(function(c) { return c.result === 'fail'; }).length;
        var scoreStr = '—';
        var scol = 'var(--text-dim)';
        if (r.score && r.score.preventionScore != null) {
          var pp = Math.round(r.score.preventionScore);
          var ta = r.score.trend === 'Improving' ? ' ↑"
12114,lg,tfEl,=,static,,71,"'<div class=""empty"" style=""padding:1.5rem"">No failures recorded.</div>'"
12117,lg,tfEl,=,unescaped_html,user_created_name,517,"topFails.map(function(t) {
        var pct = Math.round((t.fail / (t.fail + t.pass)) * 100);
        var w = Math.round((t.fail / maxFail) * 100);
        return '<div class=""bar-row"">' +
          '<div class=""bar-label""><span style=""color:var(--text-dim)"">' + x(t.name) + '</span><span>' + t.fail + ' fail &middot; ' + pct + '%</span></div>' +
          '<div class=""bar-track""><div class=""bar-fill"
12140,lg,attckEl,=,static,,83,"'<div class=""empty"" style=""padding:1.5rem;grid-column:1/-1"">No run data yet.</div>'"
12142,lg,attckEl,=,unescaped_html,,706,"tactics.map(function(tactic) {
        var d = tacticMap[tactic];
        var total = d.pass + d.fail;
        var pct = total ? Math.round((d.pass / total) * 100) : 0;
        var col = _riskScoreColor(pct);
        return '<div class=""bar-row"">' +
          '<div class=""bar-label""><span style=""text-transform:capitalize"">' + x(tactic) + '</span><span style=""color:' + col + '"">' + pct + '%</span><"
12192,lg,bodyEl,=,unescaped_html,agent,582,"top.length ? top.map(function(f) {
            return '<div class=""lrow u-pointer""' + x('click', 'openFindingFromDashboard', f.id) + '>' +
              '<div class=""lmain""><div class=""lt"">' + x(f.techniqueName || f.techniqueId) + '</div>' +
              '<div class=""ls""><span class=""tech-id"">' + x(f.techniqueId) + '</span> · ' + x(f.controlClass) + ' · ' + x(f.agentId) + '</div></div>' +
       "
12249,renderSLAKPIs,document.getElementById('sla-rpt-kpis'),=,indirect_builder,,295,"tile('Compliance Rate', rate.text, rate.color) +
    tile('On-Time', overall.onTime, 'var(--success)') +
    tile('Late', overall.late, overall.late ? 'var(--danger)' : 'var(--muted)') +
    tile('Currently Open', overall.currentlyOpen, overall.currentlyOpen ? 'var(--warning)' : 'var(--muted)')"
12263,rank,el,=,static,,83,"'<div class=""empty"" style=""padding:1.25rem"">No severities with SLA episodes.</div>'"
12264,rank,el,=,unescaped_html,,610,"sorted.map(function(s) {
    var rate = slaRateDisplay(s.onTime, s.late, s.complianceRate);
    return '<div class=""bar-row"">' +
      '<div class=""bar-label""><span>' + x(s.severity) + '</span><span style=""color:' + rate.color + '"">' + rate.text + '</span></div>' +
      '<div class=""bar-track""><div class=""bar-fill"" style=""width:' + s.complianceRate + '%;background:' + rate.color + '""></div></div>"
12276,renderSLAMonthlyTrend,body,=,static,,71,"'<tr><td colspan=""4"" class=""empty"">No resolved episodes yet.</td></tr>'"
12277,renderSLAMonthlyTrend,body,=,unescaped_html,,293,"sorted.map(function(m) {
    var rate = slaRateDisplay(m.onTime, m.resolved - m.onTime, m.complianceRate);
    return '<tr><td>' + x(m.month) + '</td><td>' + m.resolved + '</td><td>' + m.onTime + '</td>' +
      '<td style=""color:' + rate.color + '"">' + rate.text + '</td></tr>';
  }).join('')"
12285,renderSLARecentlyResolved,body,=,static,,71,"'<tr><td colspan=""5"" class=""empty"">No resolved episodes yet.</td></tr>'"
12286,renderSLARecentlyResolved,body,=,unescaped_html,agent,530,"recentlyResolved.map(function(r) {
    var outcome = r.onTime
      ? '<span class=""sbadge"" style=""background:transparent;border:1px solid var(--success);color:var(--success)"">On time</span>'
      : '<span class=""sbadge"" style=""background:transparent;border:1px solid var(--danger);color:var(--danger)"">Late</span>';
    return '<tr><td>' + x(r.agentId) + '</td><td>' + x(r.checkId) + '</td><td>' + "
12330,renderFindingsTiles,document.getElementById('findings-tiles'),=,indirect_builder,,357,"tile('Open findings', open, open ? 'var(--danger)' : 'var(--success)') +
    tile('Attack Surface Age', open ? maxAge + ' days' : '0 days', ageCol) +
    tile('Critical', crit, crit ? 'var(--danger)' : 'var(--muted)') +
    tile('Reopened', reopened, reopened ? 'var(--warning)' : 'var(--muted)') +
    tile('Remediated · 30d', remediated, 'var(--success)')"
12340,c,document.getElementById('findings-toolbar'),=,indirect_builder,,181,"covSegHtml(
    [['all', 'All'], ['open', 'Open'], ['triaged', 'Triaged'], ['remediated', 'Remediated'], ['risk_accepted', 'Risk-accepted']],
    FINDING_TAB, 'setFindingTab', c
  )"
12358,renderFindingsRows,tb,=,partial_escaped,,133,"'<tr><td colspan=""' + colCount + '"" class=""empty"">No findings' + (FINDING_TAB === 'all' ? ' yet.' : ' in this state.') + '</td></tr>'"
12359,renderFindingsRows,tb,=,unescaped_html,agent,2715,"l.map(function(f) {
    var checkCell = (_findingsBulkMode && canPush)
      ? '<td' + x('click', 'stopEvent') + ' style=""padding:0.2rem 0.5rem""><input type=""checkbox"" ' + (_findingsSelected[f.id] ? 'checked' : '') + ' ' + x('change', 'toggleFindingCheck', f.id) + ' class=""u-pointer""></td>'
      : '';
    var isTicketed = _ticketCandidateIds && (f.status === 'open' || f.status === 'triaged') && !"
12418,list,document.getElementById('results-export'),=,partial_escaped,,90,(actions ? actions + ' ' : '') + pushBtn + (pushBtn && respondBtn ? ' ' : '') + respondBtn
12446,list,document.getElementById('results-body'),=,partial_escaped,"agent,threat_intel,user_created_name",1603,"'<div style=""margin-bottom:0.9rem"">' + findingSevBadge(f.severity, f.exposureState) +
        ' <span class=""sbadge s-' + findingStatusClass(f.status) + '"">' + x((f.status || '').replace('_', ' ')) + '</span></div>' +
      row('Technique', '<span class=""tech-id"">' + x(f.techniqueId) + '</span> ' + x(f.techniqueName)) +
      row('Tactic', x(f.tactic)) + row('Expected control', x(f.controlClass)) "
12482,loadRemediations,document.getElementById('rem-list'),=,escaped,error_message,68,"'<div class=""empty"" style=""padding:2rem"">' + x(e.message) + '</div>'"
12504,tile,document.getElementById('rem-tiles'),=,indirect_builder,,492,"tile('Open remediations', l.length, l.length ? 'var(--warning)' : 'var(--success)', 'rgba(210,153,34,0.12)', REM_SVG.wrench16, 'prioritized fixes') +
    tile('Affected findings', findingsTotal, findingsTotal ? 'var(--danger)' : 'var(--success)', 'rgba(218,54,51,0.12)', REM_SVG.flag, 'closed if all applied') +
    tile('Critical remediations', crit, crit ? 'var(--danger)' : 'var(--muted)', crit ? "
12512,renderRemList,el,=,static,,96,"'<div class=""empty"" style=""padding:2rem"">No open remediations — nothing to fix right now.</div>'"
12513,renderRemList,el,=,unescaped_html,,1468,"l.map(function(r, i) {
    var critCls = r.severity === 'Critical' ? ' crit' : '';
    var ctrls = (r.controlClasses || []).map(x).join(', ') || '—';
    return '<div class=""rem-card"">' +
      '<div class=""rem-ic' + critCls + '"">' + REM_SVG.wrench + '</div>' +
      '<div class=""rem-main"">' +
        '<div class=""rem-top"">' + findingSevBadge(r.severity, '') + ' <span class=""tech-id"">' + x(r.techn"
12540,openRemediation,document.getElementById('results-export'),=,escaped,,295,"(ROLE === 'admin' || ROLE === 'analyst' ? '<button class=""btn btn-outline btn-sm""' + x('click', 'remSingleTicket', i) + '>&#128279; Create Ticket</button>' : '') +
    '<button class=""btn btn-primary btn-sm""' + x('click', 'revalidateRemediation', r.techniqueId) + '>&#8635; Re-validate</button>'"
12561,stat,document.getElementById('results-body'),=,partial_escaped,,1114,"'<div style=""display:flex;align-items:center;gap:0.5rem;margin-bottom:0.3rem"">' + findingSevBadge(r.severity, '') + ' <span class=""tech-id"">' + x(r.techniqueId) + '</span></div>' +
    '<div style=""font-weight:600;font-size:0.98rem;color:var(--text);margin-bottom:0.25rem;line-height:1.3"">' + x(r.techniqueName) + '</div>' +
    '<div class=""tiny muted"" style=""margin-bottom:0.6rem"">Closes ' + r.find"
12675,tile,document.getElementById('dash-itsm-tiles'),=,indirect_variable,,4,html
12686,loadFindingTickets,container,=,static,,72,"'<div class=""tiny muted"" style=""padding:0.3rem 0"">No tickets yet.</div>'"
12689,loadFindingTickets,container,=,unescaped_html,,887,"tickets.map(function(t) {
      var statusColor = t.status === 'resolved' ? 'var(--success)' : t.status === 'open' ? 'var(--warning)' : 'var(--muted)';
      var link = t.ticketUrl ? '<a href=""' + x(t.ticketUrl) + '"" target=""_blank"" rel=""noopener"" style=""color:var(--accent);font-size:0.78rem;margin-left:0.4rem"">↗</a>' : '';
      var reval = t.revalidationRequired ? ' <span class=""sbadge"" style=""b"
12698,loadFindingTickets,if (container) container,=,static,,55,"'<div class=""tiny muted"">Failed to load tickets.</div>'"
12854,renderInitiativesList,tbody,=,static,,65,"'<tr><td colspan=""5"" class=""empty"">No initiatives yet.</td></tr>'"
12857,renderInitiativesList,tbody,=,unescaped_html,,1136,"INITIATIVES.list.map(function(it, idx) {
    var col = initiativeStateColor(it.State);
    var menuId = 'init-menu-' + idx;
    var canDelete = it.State === 'archived' && ROLE === 'admin';
    return '<tr' + x('click', 'openInitiativeDrawer', it.ID) + ' class=""u-pointer"">' +
      '<td>' + x(it.Name) + '</td>' +
      '<td><span class=""badge"" style=""color:' + col + ';border-color:' + col + '"">' + "
12926,renderInitiativeDrawer,document.getElementById('init-drawer-body'),=,partial_escaped,,1882,"'<div class=""u-mb-1"">' +
      '<span class=""badge"" style=""color:' + col + ';border-color:' + col + '"">' + initiativeStateLabel(it.State) + '</span> ' +
      '<span class=""tiny muted"">Created by ' + x(it.CreatedBy || '—') + ' · ' + x(fmtDate(it.CreatedAt)) + '</span>' +
    '</div>' +
    '<div style=""display:flex;gap:0.5rem;margin-bottom:1rem"">' +
      (it.State === 'active' ? '<button class=""b"
12966,initiativeShowDrawerError,if (el) el,=,escaped,,60,"msg ? '<div class=""tiny u-danger"">' + x(msg) + '</div>' : ''"
12994,openInitiativeCreateDrawer,document.getElementById('init-create-error'),=,static_empty,,2,''
13007,submitInitiativeCreate,errEl,=,static,,52,"'<div class=""tiny u-danger"">Name is required.</div>'"
13010,submitInitiativeCreate,errEl,=,static_empty,,2,''
13013,submitInitiativeCreate,errEl,=,escaped,api_response,55,"'<div class=""tiny u-danger"">' + x(res.error) + '</div>'"
13018,submitInitiativeCreate,errEl,=,escaped,error_message,55,"'<div class=""tiny u-danger"">' + x(e.message) + '</div>'"
13048,openInitiativeAttachDrawer,document.getElementById('init-attach-error'),=,static_empty,,2,''
13049,openInitiativeAttachDrawer,document.getElementById('init-attach-list'),=,static,,64,"'<div class=""tiny muted"" style=""padding:0.75rem"">Loading…</div>'"
13052,openInitiativeAttachDrawer,document.getElementById('init-attach-list'),=,escaped,api_response,90,"'<div class=""tiny"" style=""color:var(--danger);padding:0.75rem"">' + x(res.error) + '</div>'"
13055,openInitiativeAttachDrawer,document.getElementById('init-attach-list'),=,escaped,error_message,90,"'<div class=""tiny"" style=""color:var(--danger);padding:0.75rem"">' + x(e.message) + '</div>'"
13070,initiativeRenderAttachList,list,=,static,,81,"'<div class=""tiny muted"" style=""padding:0.75rem"">No unassigned jobs found.</div>'"
13073,initiativeRenderAttachList,list,=,unescaped_html,,636,"filtered.map(function(j) {
    var checked = j.id === state.INIT_ATTACH_SELECTED ? 'checked' : '';
    return '<label style=""display:flex;align-items:center;gap:0.5rem;padding:0.5rem 0.75rem;border-bottom:1px solid var(--border);cursor:pointer;font-size:0.78rem"">' +
      '<input type=""radio"" name=""init-attach-radio"" value=""' + x(j.id) + '"" ' + checked + x('change', 'initiativeAttachSelect') + '>'"
13087,submitInitiativeAttach,errEl,=,static,,58,"'<div class=""tiny u-danger"">Select a job to attach.</div>'"
13090,submitInitiativeAttach,errEl,=,static_empty,,2,''
13094,submitInitiativeAttach,errEl,=,escaped,api_response,55,"'<div class=""tiny u-danger"">' + x(res.error) + '</div>'"
13098,submitInitiativeAttach,errEl,=,escaped,error_message,55,"'<div class=""tiny u-danger"">' + x(e.message) + '</div>'"
13131,renderConnectorList,el,=,static,,279,"'<div class=""conn-cfg-card"" style=""text-align:center;padding:2rem;color:var(--muted)"">' +
      '<div style=""margin-bottom:0.5rem"">No connectors configured.</div>' +
      '<div class=""tiny"">Add a ServiceNow, Jira, or webhook connector to push findings to your ITSM.</div></div>'"
13136,renderConnectorList,el,=,unescaped_html,user_created_name,2937,"list.map(function(c) {
    var ac = c.autoCreate === 'off' || !c.autoCreate ? 'Manual only' : c.autoCreate.replace('_', '+');

    // Honest connection status — 4 states, not just enabled/disabled
    var statusColor, statusLabel, statusTitle;
    if (!c.enabled) {
      statusColor = 'var(--muted)';
      statusLabel = 'Disabled';
      statusTitle = 'Connector is turned off';
    } else if (c.la"
13254,renderConnectorSettings,document.getElementById('cf-settings'),=,unescaped_html,,1784,"fields.map(function(f) {
    if (f.type === 'checkbox') {
      return '<div style=""margin-bottom:0.6rem"">' +
        '<label style=""display:flex;align-items:center;gap:0.5rem;cursor:pointer"">' +
          '<input type=""checkbox"" id=""cfs-' + f.key + '""' + (s[f.key] === 'yes' ? ' checked' : '') + '>' +
          '<span class=""conn-cfg-label"" style=""margin:0"">' + f.label + '</span>' +
        '</lab"
13311,fetchConnectorProjects,sel,=,escaped,user_created_name,189,"projects.map(function(p) {
        return '<option value=""' + x(p.key) + '""' + (inp.value === p.key ? ' selected' : '') + '>' + x(p.key) + ' — ' + x(p.name) + '</option>';
      }).join('')"
13465,renderResponseConnectorList,el,=,static,,293,"'<div class=""conn-cfg-card"" style=""text-align:center;padding:2rem;color:var(--muted)"">' +
      '<div style=""margin-bottom:0.5rem"">No response connectors configured.</div>' +
      '<div class=""tiny"">Add a CrowdStrike or Defender connector to enable Respond actions from Findings.</div></div>'"
13471,renderResponseConnectorList,el,=,unescaped_html,user_created_name,1374,"list.map(function(c) {
    var statusColor = c.enabled ? 'var(--success)' : 'var(--muted)';
    var statusLabel = c.enabled ? 'Enabled' : 'Disabled';
    var statusDot = '<span style=""display:inline-block;width:7px;height:7px;border-radius:50%;background:' + statusColor + ';margin-right:5px""></span>' + statusLabel;
    return '<div class=""conn-cfg-card"" style=""margin-bottom:0.75rem"">' +
      '<di"
13600,openRespondModal,sel,=,static,,59,"'<option value="""">No enabled connector configured</option>'"
13602,openRespondModal,sel,=,escaped,user_created_name,158,"enabled.map(function(c) {
        return '<option value=""' + x(c.id) + '"" data-provider=""' + x(c.provider) + '"">' + x(c.name) + '</option>';
      }).join('')"
13715,renderRunIOCToolbar,el,=,partial_escaped,,448,"covSegHtml(types, _runIOCTypeFilter, 'setRunIOCTypeFilter', function(k) { return counts[k] || 0; }) +
    '<input type=""text"" id=""run-ioc-search"" placeholder=""Search indicators…"" value=""' + x(_runIOCSearch) + '""' + x('input', 'setRunIOCSearchFromInput') + ' style=""padding:0.35rem 0.6rem;background:var(--elevated);border:1px solid var(--border);border-radius:var(--radius);color:var(--text);font-siz"
13758,renderRunIOCList,el,=,escaped,,212,"'<div style=""color:var(--muted);font-size:0.8rem;padding:2.5rem 0;text-align:center"">' +
      (state._runIOCsAll.length ? 'No indicators match this filter.' : 'No indicators extracted from this run.') + '</div>'"
13763,renderRunIOCList,el,=,unescaped_html,,2822,"list.map(function(ind, idx) {
    var expanded = _runIOCExpandedIdx === idx;
    var techs = (ind.techniqueIds || []).map(function(t) {
      return '<code style=""font-size:0.66rem;color:var(--muted);margin-right:3px"">' + x(t) + '</code>';
    }).join('');
    var tags = (ind.tags || []).map(function(t) {
      return '<span class=""tiny"" style=""background:var(--elevated);border:1px solid var(--bor"
13813,loadIOCRegistry,if (el) el,=,static_empty,,2,''
13831,loadIOCRegistry,tbody,=,static,,54,"'<tr><td colspan=""9"" class=""empty"">Loading…</td></tr>'"
13840,loadIOCRegistry,tbody,=,escaped,error_message,101,"'<tr><td colspan=""9"" class=""empty"">Failed to load: ' + x(e.message || 'unknown error') + '</td></tr>'"
13862,tile,el,=,indirect_builder,api_response,272,"tile('Most Detected', result.mostDetected, ' detections') +
    tile('Highest Bypass Rate', result.highestBypassRate, ' bypasses') +
    tile('Frequently Reused', result.frequentlyReused, ' sightings') +
    tile('Longest Surviving', result.longestSurviving, ' sightings')"
13872,renderIOCRegistryTable,tbody,=,static,,78,"'<tr><td colspan=""9"" class=""empty"">No indicators match this filter.</td></tr>'"
13875,renderIOCRegistryTable,tbody,=,unescaped_html,,1428,"_iocRegistryRows.map(function(row, idx) {
    var suppressedBadge = row.suppressed ? ' <span class=""sbadge"" style=""background:rgba(154,169,188,.12);color:var(--muted)"" title=""' + x(row.suppressionReason || '') + '"">suppressed</span>' : '';
    return '<tr class=""u-pointer""' + x('click', 'openIOCDetail', idx) + '>' +
      '<td><span class=""tiny"" style=""background:var(--elevated);border:1px solid v"
13923,openIOCDetail,document.getElementById('results-export'),=,static_empty,,2,''
13940,rowHtml,document.getElementById('results-body'),=,indirect_variable,,4,body
13959,rowHtml,el,=,unescaped_html,,70,"sections || '<div class=""tiny muted"">No relationships recorded.</div>'"
13962,rowHtml,if (el) el,=,static,,58,"'<div class=""tiny muted"">Relationships unavailable.</div>'"
14068,render,document.getElementById('run-live-progress'),=,partial_escaped,,594,"'<div style=""display:flex;gap:0.55rem;margin-bottom:0.6rem"">' +
        statCell(state.done + '/' + state.total, 'completed', 'var(--accent)') +
        statCell(state.failed, 'failed', state.failed ? 'var(--danger)' : 'var(--muted)') +
        statCell(state.running, 'running', state.running ? 'var(--accent)' : 'var(--muted)') +
      '</div>' +
      '<div style=""height:4px;background:var(--elev"
14080,render,ul,=,static,,100,"'<li style=""color:var(--muted);font-size:0.78rem;padding:0.4rem 0"">Waiting for the first step…</li>'"
14173,render,ul,=,unescaped_text,,13,rows.join('')
14291,openSweepDrilldown,document.getElementById('sweep-drilldown-actions'),=,static_empty,,2,''
14292,openSweepDrilldown,document.getElementById('sweep-drilldown-list'),=,static_empty,,2,''
14299,openSweepDrilldown,document.getElementById('sweep-drilldown-actions'),=,escaped,,339,"'<button class=""btn btn-outline btn-sm""' + x('click', 'openSweepReport', sweepId) + ' title=""Open the combined sweep report"">&#8599; HTML Report</button> ' +
      '<button class=""btn btn-outline btn-sm""' + x('click', 'downloadSweepReport', sweepId) + ' title=""Download the combined sweep report as a PDF file"">&#8595; PDF Report</button>'"
14302,openSweepDrilldown,document.getElementById('sweep-drilldown-list'),=,unescaped_html,user_created_name,1751,"childRuns.map(function(r) {
      var badge = verdictBadge(r, r.status);
      var liveBtn = (r.id && r.status === 'running')
        ? '<button class=""btn btn-outline btn-sm"" ' + x('click', 'openRunPanelAction', r.id, r.name, (r.progress && r.progress.stepsTotal) || 0, r.mode || '', r.maxPrivilege || '') + '>&#9673; Live</button> '
        : '';
      // A cancelled/partial technique run never ge"
14344,loadOpenAEVConfig,configPanel,=,escaped,openaev,1183,"'<div class=""kpi-row"">' +
          '<input id=""oaev-url"" type=""text"" placeholder=""https://openaev.example.local"" value=""' + x(cfg.baseUrl || '') + '"" class=""inp-sm u-flex1"">' +
          '<input id=""oaev-token"" type=""password"" placeholder=""Bearer token (leave blank to keep current)"" class=""inp-sm u-flex1"">' +
          '<label class=""tiny muted"" style=""display:flex;align-items:center;gap:0.3rem"">"
14359,loadOpenAEVConfig,configPanel,=,static_empty,,2,''
14420,loadOpenAEVScenarios,body,=,static_empty,,2,''
14425,loadOpenAEVScenarios,body,=,unescaped_html,openaev,466,"list.map(function(sc) {
      return '<tr class=""u-pointer""' + x('click', 'openOpenAEVDetail', sc.OpenAEVScenarioID) + '>' +
        '<td>' + x(sc.Name) + '</td>' +
        '<td>' + x(sc.Category) + '</td>' +
        '<td>' + x(sc.Severity) + '</td>' +
        '<td>' + (sc.TechniqueIDs || []).length + '</td>' +
        '<td>' + sc.InjectsCount + '</td>' +
        '<td class=""tiny muted"">' + x(sc.S"
14511,openOpenAEVDetail,body,=,partial_escaped,user_created_name,83,"'<div class=""tiny muted"">' + x(d.detail.description || '') + '</div>' + injectsHtml"
14513,openOpenAEVDetail,body,+=,escaped,openaev,152,"'<div style=""margin-top:1rem""><button class=""btn btn-primary btn-sm""' + x('click', 'createPlanFromOpenAEV', id) + '>Create Exercise Plan</button></div>'"
14530,loadExercisesTab,body,=,static_empty,,2,''
14532,loadExercisesTab,body,=,escaped,user_created_name,371,"plans.map(function(p) {
      return '<tr>' +
        '<td>' + x(p.name) + '</td>' +
        '<td>' + (p.steps ? p.steps.length : 0) + '</td>' +
        '<td class=""tiny muted"">' + x(p.created_at || '') + '</td>' +
        '<td><button class=""btn btn-primary btn-sm""' + x('click', 'launchExercisePrompt', p.id) + '>Launch</button></td>' +
        '</tr>';
    }).join('')"
14545,loadExercisesTab,body,=,static_empty,,2,''
14547,loadExercisesTab,body,=,unescaped_html,user_created_name,904,"execs.map(function(e) {
      var live = e.status === 'running' || e.status === 'paused';
      var progress = e.steps_total
        ? (e.steps_done || 0) + ' / ' + e.steps_total + ' steps'
        : '<span class=""tiny muted"">—</span>';
      var abortBtn = live
        ? '<button class=""btn btn-outline-red btn-sm""' + x('click', 'abortExecutionStop', e.id) + '>&#9632; Abort</button>'
        : '';"
14691,openExerciseDetail,document.getElementById('exercise-detail-body'),=,unescaped_html,,79,"scoreHtml + stepsHtml + '<div style=""margin-top:0.75rem"">' + actions + '</div>'"
14924,loadAPHistory,tb,=,static,,54,"'<tr><td colspan=""7"" class=""empty"">Loading…</td></tr>'"
14927,loadAPHistory,tb,=,static,,72,"'<tr><td colspan=""7"" class=""empty"">No collection history yet.</td></tr>'"
14930,loadAPHistory,tb,=,unescaped_html,agent,960,"rows.map(function(r) {
      var ts = r.collectedAt ? new Date(r.collectedAt).toLocaleString('en-GB',{day:'2-digit',month:'short',hour:'2-digit',minute:'2-digit'}) : '—';
      var statusBadge = r.status === 'completed'
        ? '<span class=""u-success"">&#10003; Completed</span>'
        : '<span class=""u-danger"">&#10005; ' + x(r.status) + (r.errorMsg ? ': ' + x(r.errorMsg.slice(0,40)) : '') + '<"
14946,loadAPHistory,tb,=,escaped,error_message,66,"'<tr><td colspan=""7"" class=""empty"">' + x(e.message) + '</td></tr>'"
14955,renderAttackPath,body,=,static,,580,"'<div class=""dash-panel""><div class=""dash-panel-body"" style=""padding:2rem;text-align:center"">' +
      '<div style=""font-size:1rem;font-weight:700;color:var(--text);margin-bottom:0.4rem"">No attack-path data collected yet</div>' +
      '<div class=""tiny muted"" style=""max-width:520px;margin:0 auto 1rem"">Run a collection on an enrolled agent to map lateral-movement reachability, blast radius, segmen"
15001,renderAttackPath,body,=,indirect_variable,,1,h
15034,loadRansomwareReadiness,bodyEl,=,static,,157,"'<div class=""empty"" style=""padding:0.5rem"">Run the <strong>Ransomware Drill</strong> or <strong>EM-07</strong> scenario to generate a readiness score.</div>'"
15106,loadRansomwareReadiness,bodyEl,=,partial_escaped,"agent,user_created_name",815,"'<div style=""display:flex;gap:1.5rem;align-items:flex-start"">' +
      scoreHtml +
      '<div style=""flex:1;min-width:0"">' + barsHtml + '</div>' +
      '<div style=""flex-shrink:0;display:flex;flex-direction:column;gap:0.4rem;min-width:160px;font-size:0.75rem;color:var(--muted)"">' +
        '<div><span style=""color:var(--text);font-weight:500"">' + x(rrRun.name || rrRun.scenarioId) + '</span></div"
15161,loadReports,el,=,static,,132,"'<div class=""empty"" style=""padding:1.25rem"">No agents with completed runs yet. Run a scenario, then generate its report here.</div>'"
15165,loadReports,el,=,unescaped_html,,966,"ids.map(function(id) {
      var host = hostOf[id] || id, n = byAgent[id].runs, lastName = byAgent[id].lastName;
      return '<div class=""rep-row"">' +
        '<div class=""rep-ic"">' + d + '</div>' +
        '<div class=""rep-main""><div class=""rep-host"">' + x(host) + '</div>' +
          '<div class=""rep-sub"">Reports on: <strong class=""u-text"">' + x(lastName || 'unnamed scenario') + '</strong> (lat"
15178,loadReports,document.getElementById('rep-available'),=,static,agent,73,"'<div class=""empty"" style=""padding:1.25rem"">Could not load agents.</div>'"
15186,renderRepHistory,tb,=,static,,241,"'<tr><td colspan=""7"" class=""empty"" style=""padding:1.5rem;line-height:1.6"">No reports generated yet — this log fills when you generate one (from a tile above or the per-agent buttons). Test runs don\'t create reports automatically.</td></tr>'"
15190,renderRepHistory,tb,=,unescaped_html,,734,"list.map(function(r) {
      var st = r.status === 'failed' ? 's-failed' : 's-completed';
      return '<tr>' +
        '<td class=""cell-main"">' + x(label[r.reportType] || r.reportType) + '</td>' +
        '<td class=""tiny muted"">' + x(r.scopeLabel) + '</td>' +
        '<td class=""tiny"">' + x((r.format || '—').toUpperCase()) + '</td>' +
        '<td class=""tiny muted"">' + x(r.generatedBy || '—') +"
15232,openReportGen,document.getElementById('rep-agent'),=,escaped,agent,149,"state.agents.map(function(a) {
    return '<option value=""' + x(a.agentId) + '"">' + x(a.agentId) + ' — ' + x(a.hostname) + '</option>';
  }).join('')"
15236,openReportGen,document.getElementById('rep-format'),=,unescaped_html,,211,"fmts.map(function(f) {
    var lbl = f ? f.toUpperCase() : 'Package';
    if (type === 'posture' && f === 'csv') lbl = 'CSV (forensic)';
    return '<option value=""' + f + '"">' + lbl + '</option>';
  }).join('')"
15245,openReportGen,document.getElementById('rep-fw'),=,escaped,user_created_name,132,"(fws || []).map(function(f) {
        return '<option value=""' + x(f.id) + '"">' + x(f.name || f.id) + '</option>';
      }).join('')"
15556,loadRuns,tbody,=,static,,87,"'<tr><td colspan=""9"" class=""empty"">No runs yet. Go to Scenarios and run one.</td></tr>'"
15573,byStartedAtDesc,tbody,=,unescaped_text,,69,individualRuns.slice().sort(byStartedAtDesc).map(runRowHtml).join('')
15609,byStartedAtDesc,tbody,=,indirect_builder,,55,allEntries.map(function(e) { return e.html; }).join('')
15620,openModal,scSel,=,escaped,"scenario,user_created_name",308,"state.scenarios.map(function(s) {
    var desc = s.description ? ' — ' + (s.description.length > 90 ? s.description.substring(0, 87) + '...' : s.description) : '';
    return '<option value=""' + x(s.id) + '""' + (s.id === scenarioId ? ' selected' : '') + '>' + x(s.name) + x(desc) + '</option>';
  }).join('')"
15631,openModal,document.getElementById('modal-agent'),=,unescaped_html,agent,457,"state.agents.map(function(a) {
    var osLabel = '';
    if (a.osVersion) {
      var ov = a.osVersion.toLowerCase();
      osLabel = ov.indexOf('windows') !== -1 ? ' [Win]' : ov.indexOf('darwin') !== -1 || ov.indexOf('macos') !== -1 ? ' [macOS]' : ' [Linux]';
    }
    return '<option value=""' + x(a.agentId) + '""' + (a.agentId === preAgent ? ' selected' : '') + '>' +
           x(a.agentId) + ' —"
15698,renderRunMode,btn,=,static,,28,'&#9888; No Eligible Agents'
15738,renderRunMode,warn,=,indirect_variable,,13,osMismatchMsg
15742,renderRunMode,btn,=,static,,13,'&#9654; Run'
15756,renderRunMode,warn,=,unescaped_html,agent,79,osMismatchMsg + ' <strong>Cannot run ' + mode + ' mode on this agent.</strong>'
15758,renderRunMode,btn,=,static,,21,'&#9888; OS Mismatch'
15770,renderRunMode,warn,=,indirect_variable,,8,warnText
15771,renderRunMode,btn,=,static,,23,'&#9654; Run Telemetry'
15777,renderRunMode,warn,=,static,,232,"'&#9888; <strong>LAB MODE — full-fidelity emulation.</strong> Runs LSASS memory dump and allowlisted password spray. <strong>Isolated AD range only, never production.</strong> Triggers EDR by design; requires a second confirmation.'"
15778,renderRunMode,btn,=,static,,17,'&#9654; Run LAB'
15785,renderRunMode,warn,=,indirect_variable,,13,osMismatchMsg
15789,renderRunMode,btn,=,static,,13,'&#9654; Run'
15840,renderAdditionalAgents,list,=,unescaped_html,agent,441,"eligible.map(function(a) {
    return '<label style=""display:flex;align-items:center;gap:0.5rem;padding:0.25rem 0.3rem;cursor:pointer"">' +
      '<input type=""checkbox"" ' + (state._addlSel[a.agentId] ? 'checked' : '') +
      x('change', 'addlSelChange', a.agentId) + '>' +
      '<code style=""font-size:0.72rem"">' + x(a.agentId) + '</code><span class=""tiny muted"">' + x(a.hostname) + ' · ' + cmpAgen"
16093,row,document.getElementById('wz-review'),=,indirect_variable,,4,html
16259,openPickerWith,tacticSel,=,unescaped_html,,55,"'<option value=""all"">All tactics</option>' + tacticOpts"
16416,renderPickerList,document.getElementById('picker-list'),=,unescaped_html,,63,"rows || '<p class=""empty"" style=""padding:1rem"">No matches.</p>'"
16521,renderModalSelection,link,=,static,,59,'&#128269; Detailed view — every atomic test that will run'
16540,renderModalSelection,link,=,static,,49,'&#9881; Customize — select a target agent first'
16554,renderModalSelection,note,=,partial_escaped,,279,"'&#9989; Running a selected subset: <strong>' + state._runSelection.ids.length + '</strong> ' + noun +
      (state._runSelection.locked ? ' (targeted re-validate)' :
       ' <a href=""#"" class=""desc-toggle"" style=""margin-left:8px""' + x('click', 'clearSelection') + '>Clear</a>')"
16570,renderModalSelection,note,=,static,,53,"'<span class=""u-muted"">Loading check catalog…</span>'"
16600,renderModalSelection,note,=,static,,53,"'<span class=""u-muted"">Loading check catalog…</span>'"
16603,renderModalSelection,note,=,indirect_variable,,6,cached
16671,doOpen,tacticSel,=,escaped,,191,"'<option value=""all"">All tactics</option>' +
        Object.keys(tacticSet).sort().map(function(t) {
          return '<option value=""' + x(t) + '"">' + x(t) + '</option>';
        }).join('')"
16724,fillBuilder,steps,=,static_empty,,2,''
16895,techRenderSelected,box,=,escaped,,335,"'<div><span class=""st-tech-sel-id"">' + x(id) + '</span>' +
        '<span class=""tiny muted"" style=""margin-left:0.4rem"">' +
        (techniqueCatalog === null ? 'resolving…' : 'not recognized') + '</span></div>' +
      '<span class=""st-tech-sel-actions""><a href=""#""' + x('click', 'techChangeSelection') + '>&#10005; change</a></span>'"
16905,techRenderSelected,box,=,escaped,user_created_name,632,"'<div><span class=""st-tech-sel-id"">' + x(t.id) + '</span> <span class=""st-tech-sel-name"">' + x(t.name) + '</span>' +
      (tactics ? '<div class=""st-tech-row-meta"">' + x(tactics) + '</div>' : '') +
      (subText ? '<div class=""st-tech-row-meta"">' + x(subText) + '</div>' : '') +
    '</div>' +
    '<span class=""st-tech-sel-actions"">' +
      (t.url ? '<a href=""' + x(t.url) + '"" target=""_blank"" re"
16945,techOnInput,panel,=,static_empty,,2,''
16955,techRenderResults,panel,=,static,,97,"'<div class=""st-tech-row"" style=""cursor:default;color:var(--muted)"">No matching technique.</div>'"
16959,techRenderResults,panel,=,escaped,user_created_name,581,"results.map(function(t, i) {
    var tactics = (t.tactics || []).join(', ');
    var platforms = (t.platforms || []).join(', ');
    return '<div class=""st-tech-row' + (i === 0 ? ' active' : '') + '"" data-id=""' + x(t.id) + '""' + x('mousedown', 'techSelectRow') + '>' +
      '<span class=""st-tech-row-id"">' + x(t.id) + '</span><span class=""st-tech-row-name"">' + x(t.name) + '</span>' +
      (tactics"
16976,techSelectRow,panel,=,static_empty,,2,''
17000,techOnKeydown,panel,=,static_empty,,2,''
17011,techOnBlur,panel,=,static_empty,,2,''
17031,addStep,div,=,partial_escaped,user_created_name,1568,"'<div class=""bld-step-hdr""><span class=""bld-step-num"">Step</span>' +
      '<span class=""bld-actions"">' +
        '<button type=""button""' + x('click', 'moveStepBy', -1) + ' title=""Move up"">&#9650;</button>' +
        '<button type=""button""' + x('click', 'moveStepBy', 1) + ' title=""Move down"">&#9660;</button>' +
        '<button type=""button""' + x('click', 'removeStep') + ' title=""Remove"">&#10005;<"
17298,viewRunResults,document.getElementById('results-summary'),=,escaped,agent,248,"'<span style=""color:var(--danger);font-weight:600"">Run failed to start</span>' +
      ' &nbsp;&middot;&nbsp; ' + x(run.failReason || 'No reason recorded for this failure.') +
      ' &nbsp;&middot;&nbsp; Agent: <code>' + x(run.agentId) + '</code>'"
17303,viewRunResults,document.getElementById('results-summary'),=,partial_escaped,agent,458,"'<span style=""color:var(--danger);font-weight:600"">' + fail + ' fail</span>' +
      ' &nbsp;/&nbsp; <span style=""color:var(--success);font-weight:600"">' + pass + ' pass</span>' +
      (skipped ? ' &nbsp;/&nbsp; <span class=""u-muted"">' + skipped + ' skipped</span>' : '') +
      ' &nbsp;&middot;&nbsp; ' + results.length + ' total &nbsp;&middot;&nbsp; Agent: <code>' + x(run.agentId) + '</code>' +
"
17334,viewRunResults,document.getElementById('results-export'),=,static_empty,,2,''
17340,viewRunResults,document.getElementById('results-title'),=,partial_escaped,user_created_name,265,"x(run.name) + ' — Results ' +
    '<span class=""sbadge"" style=""background:' + runStatusColor + '22;color:' + runStatusColor + ';border:1px solid ' + runStatusColor + '44;font-size:0.65rem;margin-left:0.4rem;vertical-align:middle"">' + x(run.status || '') + '</span>'"
17362,viewRunResults,document.getElementById('results-header-actions'),=,indirect_variable,,11,actionsHtml
17412,kpiGaugeCard,document.getElementById('run-kpi-strip'),=,partial_escaped,,1004,"'<div class=""kpi-row"" style=""grid-template-columns:repeat(6,1fr)"">' +
          '<div class=""kpi-card""><div class=""kpi-label"">Overall Security Score</div><div class=""kpi-value"">' + prevPct + '<span style=""font-size:0.9rem;color:var(--muted)"">/100</span></div><div class=""kpi-sub"">' + (deltaHtml || '—') + '</div></div>' +
          kpiGaugeCard('Detection Rate', detRate, pass + ' / ' + results.lengt"
17754,soonPanel,document.getElementById('run-tab-content'),=,unescaped_html,threat_intel,2210,"'<div id=""run-tab-overview"" class=""run-tab-panel"">' +
      '<div class=""run-tab-grid"">' +
        '<div>' + scorePanel + '</div>' +
        '<div id=""run-report-extra""></div>' +
      '</div>' +
    '</div>' +
    '<div id=""run-tab-findings"" class=""run-tab-panel"" style=""display:none"">' +
      '<div id=""run-report-findings""><div style=""color:var(--muted);font-size:0.72rem;padding:1.5rem 0;text-al"
17791,soonPanel,document.getElementById('run-tabbar'),=,unescaped_html,,213,"RUN_TABS.map(function(t, i) {
    return '<button class=""run-tab-btn' + (i === 0 ? ' active' : '') + '"" id=""run-tabbtn-' + t[0] + '""' + x('click', 'switchRunTab', t[0]) + '>' + x(t[1]) + '</button>';
  }).join('')"
17805,soonPanel,reportsEl,=,escaped,agent,1237,"'<div class=""dash-panel u-mb-1""><div class=""dash-panel-hdr"">Run Metadata</div><div class=""dash-panel-body"">' +
          '<div style=""display:grid;grid-template-columns:repeat(auto-fit,minmax(160px,1fr));gap:0.75rem;font-size:0.78rem"">' +
            '<div><div class=""kpi-label"">Run ID</div><div>' + x(runId) + '</div></div>' +
            '<div><div class=""kpi-label"">Agent</div><div>' + x(run.agen"
17820,soonPanel,reportsEl,=,static,,126,"'<div style=""color:var(--muted);font-size:0.8rem;padding:1rem 0"">No exportable output yet — this run hasn\'t completed.</div>'"
17830,soonPanel,extraEl,=,static,,89,"'<div style=""color:var(--muted);font-size:0.72rem;padding:0.4rem 0"">Loading&#8230;</div>'"
17834,soonPanel,extraEl,=,indirect_builder,,25,renderRunReportExtra(rep)
17836,soonPanel,if (findingsEl) findingsEl,=,indirect_builder,,22,renderRunFindings(rep)
17838,soonPanel,if (recEl) recEl,=,indirect_builder,,29,renderRunRecommendations(rep)
17842,soonPanel,extraEl,=,static_empty,,2,''
17844,soonPanel,if (findingsEl) findingsEl,=,static,,113,"'<div style=""color:var(--muted);font-size:0.8rem;padding:2.5rem 0;text-align:center"">Findings unavailable.</div>'"
17846,soonPanel,if (recEl) recEl,=,static,,120,"'<div style=""color:var(--muted);font-size:0.8rem;padding:2.5rem 0;text-align:center"">Recommendations unavailable.</div>'"
17852,soonPanel,if (el) el,=,indirect_builder,,50,"renderAttackFlow(af.nodes || [], af.summary || {})"
17855,soonPanel,if (el) el,=,static,,117,"'<div style=""color:var(--muted);font-size:0.72rem;padding:1.5rem 0;text-align:center"">Attack flow unavailable.</div>'"
17861,soonPanel,if (el) el,=,indirect_builder,,26,renderVariantCoverage(cov)
17864,soonPanel,if (el) el,=,static,,122,"'<div style=""color:var(--muted);font-size:0.72rem;padding:1.5rem 0;text-align:center"">Variant coverage unavailable.</div>'"
17882,soonPanel,if (el) el,=,static,,115,"'<div style=""color:var(--muted);font-size:0.8rem;padding:2.5rem 0;text-align:center"">Indicators unavailable.</div>'"
17890,soonPanel,if (findingsElEarly) findingsElEarly,=,indirect_variable,,8,notReady
17892,soonPanel,if (recElEarly) recElEarly,=,indirect_variable,,8,notReady
17894,soonPanel,if (iocElEarly) iocElEarly,=,indirect_variable,,8,notReady
17992,renderDetectionValidationTab,el,=,unescaped_html,,2060,"'<div style=""padding:1rem 0 0.5rem"">' +
      '<div style=""display:flex;gap:1.5rem;margin-bottom:0.75rem;flex-wrap:wrap"">' +
        '<div class=""u-center"">' +
          '<div style=""font-size:1.7rem;font-weight:700;color:' + covColor + '"">' + coverage + '%</div>' +
          '<div style=""font-size:0.68rem;color:var(--muted);text-transform:uppercase;letter-spacing:.06em"">Detection Coverage</div>' "
18046,loadSIEMCorrelationPanel,el,=,partial_escaped,,2080,"'<div style=""padding:1rem 0 0.5rem"">' +
        '<div style=""display:flex;gap:1.5rem;margin-bottom:1rem;flex-wrap:wrap"">' +
          '<div class=""u-center"">' +
            '<div style=""font-size:1.7rem;font-weight:700;color:' + color + '"">' + detRate + '%</div>' +
            '<div style=""font-size:0.68rem;color:var(--muted);text-transform:uppercase;letter-spacing:.06em"">SIEM Detection Rate</div>"
18139,openRerunReview,document.getElementById('rerun-review-body'),=,unescaped_html,,177,"rows.map(function(r) {
    return '<div class=""conn-cfg-row""><span class=""conn-cfg-label"">' + r[0] + '</span><span class=""conn-cfg-val"">' + r[1] + '</span></div>';
  }).join('')"
18187,startRerunFromReview,btn,=,static,,22,'&#9654; Start Re-run'
18194,startRerunFromReview,btn,=,static,,22,'&#9654; Start Re-run'
18234,openCampaignRerunReview,document.getElementById('rerun-review-body'),=,unescaped_html,,177,"rows.map(function(r) {
    return '<div class=""conn-cfg-row""><span class=""conn-cfg-label"">' + r[0] + '</span><span class=""conn-cfg-val"">' + r[1] + '</span></div>';
  }).join('')"
18267,startCampaignRerunFromReview,btn,=,static,,22,'&#9654; Start Re-run'
18274,startCampaignRerunFromReview,btn,=,static,,22,'&#9654; Start Re-run'
18356,renderScheduledAssessmentsList,tbody,=,static,,75,"'<tr><td colspan=""7"" class=""empty"">No scheduled assessments yet.</td></tr>'"
18359,renderScheduledAssessmentsList,tbody,=,unescaped_html,"scenario,telemetry_log,user_created_name",2429,"SCHED.schedules.map(function(sch) {
    // sch.Payload is a Go json.RawMessage with no json:""..."" tag override, so
    // it arrives already embedded as a real object in the outer response --
    // NOT as a JSON string needing a second JSON.parse (that silently threw,
    // caught below, and always fell back to {} -- see openSchedWizardForEdit's
    // identical fix for the same root cause).
   "
18427,openSchedWizard,sel,=,escaped,"scenario,user_created_name",114,"state.scenarios.map(function(s) { return '<option value=""' + x(s.id) + '"">' + x(s.name) + '</option>'; }).join('')"
18484,openSchedWizardForEdit,sel,=,escaped,"scenario,user_created_name",114,"state.scenarios.map(function(s) { return '<option value=""' + x(s.id) + '"">' + x(s.name) + '</option>'; }).join('')"
18548,renderSchedGroupTree,root,=,static,,201,"SCHED.groupsAccessDenied
      ? '<div class=""empty"">Group targeting requires Administrator access — select individual agents instead.</div>'
      : '<div class=""empty"">No agent groups defined.</div>'"
18553,renderSchedGroupTree,root,=,unescaped_text,,47,SCHED.groups.map(renderSchedGroupNode).join('')
18616,renderSchedAgentList,root,=,static,,48,"'<div class=""empty"">No agents registered.</div>'"
18618,renderSchedAgentList,root,=,unescaped_html,agent,1025,"SCHED.agentsAll.map(function(a) {
    var compatible = schedAgentCompatible(a, supportedOS);
    // A previously-checked agent that's now incompatible (scenario changed
    // after selection) must not stay silently selected.
    if (!compatible && SCHED.selAgents[a.agentId]) delete SCHED.selAgents[a.agentId];
    var checked = SCHED.selAgents[a.agentId] ? ' checked' : '';
    var disabled = compa"
18645,renderSchedInitiativeSelect,sel,=,escaped,,168,"'<option value="""">— None —</option>' +
    SCHED.initiativesActive.map(function(it) { return '<option value=""' + x(it.ID) + '"">' + x(it.Name) + '</option>'; }).join('')"
18658,renderSchedModeRecurrencePane,modeSel,=,indirect_variable,,4,opts
18764,renderSchedReview,document.getElementById('sched-review'),=,unescaped_text,,15,html + authWrap
18901,renderLicenseLockedScreen,el,=,escaped,,1040,"'<div style=""max-width:520px;text-align:center;color:var(--text,#e6e6e6)"">' +
      '<div style=""font-size:2.5rem;margin-bottom:1rem"">&#x1F512;</div>' +
      '<h1 style=""font-size:1.4rem;margin-bottom:0.75rem"">BAS LICENSE EXPIRED</h1>' +
      '<p style=""color:var(--muted,#9aa9bc);line-height:1.6;margin-bottom:1rem"">This Audspect BAS Server is currently unavailable because its license and grace p"
18967,renderLicenseGraceBanner,el,=,partial_escaped,,509,"_licenseBannerHTML(info) +
    '<button' + x('click', '_dismissLicenseGraceBanner') + ' aria-label=""Dismiss"" title=""Dismiss"" ' +
      'style=""position:absolute;top:0.5rem;right:0.6rem;width:24px;height:24px;display:flex;align-items:center;justify-content:center;' +
      'background:transparent;border:none;color:inherit;font-size:1.1rem;line-height:1;cursor:pointer;opacity:0.75"" ' +
      x('mous"
18984,maybeShowLicenseGraceModal,overlay,=,indirect_builder,,469,"'<div style=""max-width:480px;background:var(--surface,#152338);border:1px solid var(--warning,#d29922);border-radius:8px;padding:1.5rem;color:var(--text,#e6e6e6)"">' +
      _licenseBannerHTML(info) +
      '<div style=""text-align:right;margin-top:1rem""><button id=""license-grace-modal-dismiss"" style=""padding:0.4rem 1rem;border-radius:6px;border:1px solid var(--border,#22324a);background:transparent"
19179,goToProfile,el,=,escaped,,170,"d.permissions.slice().sort().map(function(p) {
      return '<span class=""tag"" style=""display:inline-block;margin:0 0.3rem 0.3rem 0"">' + x(p) + '</span>';
    }).join('')"
19238,loadAgentRiskSummary,if (tb) tb,=,static,,54,"'<tr><td colspan=""7"" class=""empty"">Loading…</td></tr>'"
19260,renderAgentRiskSummary,tb,=,static,,64,"'<tr><td colspan=""7"" class=""empty"">No agents to show.</td></tr>'"
19270,renderAgentRiskSummary,tb,=,unescaped_html,agent,736,"rows.map(function(a) {
    return '<tr>' +
      '<td>' + x(a.hostname || a.agentId) + '</td>' +
      (a.measurable
        ? '<td style=""color:' + _riskScoreColor(a.healthScore) + ';font-weight:700"">' + a.healthScore + '</td>'
        : '<td class=""u-muted"" title=""Nothing collected for this endpoint yet — an absent score is not a safe score"">— no data</td>') +
      '<td>' + (a.criticalityRisk |"
19400,loadThreatIntelConfig,if (panel) panel,=,static_empty,,2,''
19409,loadThreatIntelConfig,panel,=,partial_escaped,,999,"'<div class=""kpi-row"">' +
        urlField +
        '<input id=""ti-' + name + '-key"" type=""password"" placeholder=""API key (leave blank to keep current)"" class=""inp-sm u-flex1"">' +
        insecureField +
        '<label class=""tiny muted"" style=""display:flex;align-items:center;gap:0.3rem""><input type=""checkbox"" id=""ti-' + name + '-enabled"" ' + (cfg.enabled ? 'checked' : '') + '> Enabled</label>' "
19515,loadTAXIIConnectors,tbody,=,static,,54,"'<tr><td colspan=""6"" class=""empty"">Loading…</td></tr>'"
19520,loadTAXIIConnectors,tbody,=,escaped,error_message,101,"'<tr><td colspan=""6"" class=""empty"">Failed to load: ' + x(e.message || 'unknown error') + '</td></tr>'"
19527,renderTAXIIConnectorsList,tbody,=,static,,81,"'<tr><td colspan=""6"" class=""empty"">No TAXII connectors configured yet.</td></tr>'"
19530,renderTAXIIConnectorsList,tbody,=,unescaped_html,user_created_name,1427,"TAXII_CONNECTORS.map(function(c) {
    var lastPoll = c.lastPollAt ? ago(c.lastPollAt) : 'Never';
    var resultColor = c.lastPollStatus === 'ok' ? 'var(--success)' : (c.lastPollStatus === 'error' ? 'var(--danger)' : 'var(--muted)');
    var summary = c.lastPollSummary || {};
    var resultText = c.lastPollStatus === 'ok'
      ? (summary.processed || 0) + ' processed, ' + (summary.skipped || 0) +"
19706,loadARTContentStatus,statusEl,=,static,,185,"'<span style=""display:inline-block;width:8px;height:8px;border-radius:50%;background:var(--success);margin-right:6px;vertical-align:middle""></span><span class=""u-success"">Seeded</span>'"
19708,loadARTContentStatus,statusEl,=,static,,189,"'<span style=""display:inline-block;width:8px;height:8px;border-radius:50%;background:var(--warning);margin-right:6px;vertical-align:middle""></span><span class=""u-warning"">Not seeded</span>'"
19748,loadARTContentStatus,document.getElementById('cs-art-status'),=,static,,53,"'<span class=""u-danger"">Error checking status</span>'"
19761,toggleSimCoverage,if (car) car,=,static,,36,SIM_COV_OPEN ? '&#9660;' : '&#9654;'
19876,loadSimCoverage,bodyEl,=,unescaped_html,,2162,"rows.map(function(r, i) {
        var bg = i % 2 === 0 ? '' : 'background:rgba(255,255,255,.02)';
        var isVariantRow = r[0].indexOf('Variant Engine') !== -1;
        var isSection = !!sectionKeys[r[0]];
        var textStyle = isVariantRow ? 'font-weight:700;color:var(--accent)'
                      : isSection    ? 'font-weight:700;color:var(--text)'
                      :                "
20694,loadVariantStats,el,=,indirect_builder,,1601,"vexStatCard('Executed Variants',     s.executedVariants,       'var(--accent)', null,
        'How many individual variant executions (encoding \xd7 privilege \xd7 context combinations) have actually completed so far, summed across every finished variant run — not the total available.') +
      vexStatCard('Total Variants',        s.availableVariants,      'var(--text)',   artAtomic.toLocaleString"
20736,populateVexAgents,if (sel) sel,=,indirect_variable,,4,opts
20738,populateVexAgents,if (sweepSel) sweepSel,=,indirect_variable,,4,opts
20773,populateVexTechniques,tacSel,=,indirect_variable,,7,tacOpts
20778,populateVexTechniques,if (el) el,=,static,,99,"'<div style=""color:var(--danger);font-size:0.75rem;padding:0.4rem"">Failed to load techniques</div>'"
20869,renderVexSweepList,el,=,static_empty,,2,''
20871,renderVexSweepList,el,=,unescaped_html,agent,1835,"sweeps.map(function(sw) {
    // A full sweep can have thousands of total variants, so a handful of
    // real completions can round down to a misleading ""0%"" -- floor any
    // nonzero progress at 1% so the bar never looks stuck when it isn't.
    var rawPct = sw.totalVariants > 0 ? (sw.completedVariants / sw.totalVariants) * 100 : 0;
    var pct = rawPct > 0 && rawPct < 1 ? 1 : Math.round(rawP"
21118,filterVexTechniques,el,=,static,,92,"'<div style=""color:var(--muted);font-size:0.75rem;padding:0.4rem"">No techniques match</div>'"
21121,filterVexTechniques,el,=,escaped,user_created_name,576,"filtered.map(function(t) {
    return '<label style=""display:flex;align-items:center;gap:0.5rem;padding:2px 4px;cursor:pointer;border-radius:3px"">' +
      '<input type=""checkbox"" class=""vex-tech-cb"" value=""' + x(t.id) + '"" style=""accent-color:var(--accent);flex-shrink:0"">' +
      '<span style=""font-family:var(--font-mono);font-size:0.76rem;flex-shrink:0"">' + x(t.id) + '</span>' +
      (t.name ?"
21145,loadVariantCoverage,el,=,static,,58,"'<div class=""empty"" style=""padding:1.5rem"">Loading…</div>'"
21148,loadVariantCoverage,el,=,static,,120,"'<div class=""empty"" style=""padding:1.5rem"">No variant runs yet. Run variants on a technique to see coverage here.</div>'"
21173,loadVariantCoverage,el,=,indirect_variable,,4,html
21175,loadVariantCoverage,el,=,escaped,error_message,116,"'<div class=""empty"" style=""color:var(--danger);padding:1rem"">' + x(e.message || 'Error loading coverage') + '</div>'"
21296,_vexRenderQueuePanel,panel,=,partial_escaped,,951,"'<div class=""card"" style=""padding:1.5rem"">' +
    '<div class=""card-title"" style=""margin-bottom:0.75rem"">Queue Progress</div>' +
    '<div style=""font-size:0.83rem;color:var(--muted);margin-bottom:0.6rem"">Running <span style=""font-family:var(--font-mono);color:var(--text)"">' + x(tid) + '</span> — <span style=""color:var(--accent);font-weight:600"">' + (idx + 1) + ' / ' + techniques.length + '</span>"
21366,pollVariantRun,if (panel) panel,=,escaped,,529,"'<div class=""card"" style=""padding:1.5rem;text-align:center;color:var(--muted)"">' +
    '<div style=""margin-bottom:0.5rem;font-size:0.9rem"">Executing variants…</div>' +
    '<div class=""tiny"" style=""font-family:var(--font-mono);margin-bottom:0.75rem"">' + x(vrId) + '</div>' +
    '<div id=""vex-poll-status"" class=""tiny"" style=""min-height:1em;margin-bottom:0.5rem""></div>' +
    '<button class=""btn btn"
21395,pollVariantRun,if (p) p,=,escaped,,801,"'<div class=""card"" style=""padding:1.5rem;text-align:center;color:var(--muted)"">' +
          '<div style=""margin-bottom:0.5rem;font-size:0.9rem;color:var(--danger)"">Unable to retrieve execution status</div>' +
          '<div class=""tiny"" style=""font-family:var(--font-mono);margin-bottom:0.75rem"">' + x(vrId) + '</div>' +
          '<div class=""tiny muted"" style=""margin-bottom:0.75rem"">The run may "
21427,stopVex,if (panel) panel,=,static,,116,"'<div class=""card"" style=""padding:1.25rem;color:var(--warning);text-align:center"">&#9632; Variant run stopped</div>'"
21540,renderVariantRun,if (wrapperEl) wrapperEl,=,indirect_variable,,11,wrapperHtml
21545,renderVariantRun,cell,=,partial_escaped,,119,"'<span style=""color:' + _vexVerdictColor(r.verdict) + ';font-weight:600;font-size:0.78rem"">' + x(r.verdict) + '</span>'"
21557,renderVariantRun,panel,=,unescaped_html,,166,"'<div class=""card""><div data-vex-wrapper style=""display:flex;flex-direction:column;gap:1.2rem;margin-bottom:0.75rem"">' + wrapperHtml + '</div>' + tableHtml + '</div>'"
