line,function,target,op,category,data_source_tags,rhs_len,rhs
5258,renderLicenseLockedScreen,el,=,escaped,,1040,"'<div style=""max-width:520px;text-align:center;color:var(--text,#e6e6e6)"">' +
      '<div style=""font-size:2.5rem;margin-bottom:1rem"">&#x1F512;</div>' +
      '<h1 style=""font-size:1.4rem;margin-bottom:0.75rem"">BAS LICENSE EXPIRED</h1>' +
      '<p style=""color:var(--muted,#9aa9bc);line-height:1.6;margin-bottom:1rem"">This Audspect BAS Server is currently unavailable because its license and grace p"
5321,renderLicenseGraceBanner,el,=,indirect_builder,,475,"_licenseBannerHTML(info) +
    '<button onclick=""_dismissLicenseGraceBanner()"" aria-label=""Dismiss"" title=""Dismiss"" ' +
      'style=""position:absolute;top:0.5rem;right:0.6rem;width:24px;height:24px;display:flex;align-items:center;justify-content:center;' +
      'background:transparent;border:none;color:inherit;font-size:1.1rem;line-height:1;cursor:pointer;opacity:0.75"" ' +
      'onmouseover=""th"
5338,maybeShowLicenseGraceModal,overlay,=,indirect_builder,,469,"'<div style=""max-width:480px;background:var(--surface,#152338);border:1px solid var(--warning,#d29922);border-radius:8px;padding:1.5rem;color:var(--text,#e6e6e6)"">' +
      _licenseBannerHTML(info) +
      '<div style=""text-align:right;margin-top:1rem""><button id=""license-grace-modal-dismiss"" style=""padding:0.4rem 1rem;border-radius:6px;border:1px solid var(--border,#22324a);background:transparent"
5526,goToProfile,el,=,escaped,,170,"d.permissions.slice().sort().map(function(p) {
      return '<span class=""tag"" style=""display:inline-block;margin:0 0.3rem 0.3rem 0"">' + x(p) + '</span>';
    }).join('')"
5582,loadAgentRiskSummary,if (tb) tb,=,static,,54,"'<tr><td colspan=""7"" class=""empty"">Loading…</td></tr>'"
5600,renderAgentRiskSummary,tb,=,static,,64,"'<tr><td colspan=""7"" class=""empty"">No agents to show.</td></tr>'"
5610,renderAgentRiskSummary,tb,=,unescaped_html,agent,783,"rows.map(function(a) {
    return '<tr>' +
      '<td>' + x(a.hostname || a.agentId) + '</td>' +
      (a.measurable
        ? '<td style=""color:' + _riskScoreColor(a.healthScore) + ';font-weight:700"">' + a.healthScore + '</td>'
        : '<td class=""u-muted"" title=""Nothing collected for this endpoint yet — an absent score is not a safe score"">— no data</td>') +
      '<td>' + (a.criticalityRisk |"
5723,renderInitiativesList,tbody,=,static,,65,"'<tr><td colspan=""5"" class=""empty"">No initiatives yet.</td></tr>'"
5726,renderInitiativesList,tbody,=,unescaped_html,,1181,"INITIATIVES.list.map(function(it, idx) {
    var col = initiativeStateColor(it.State);
    var menuId = 'init-menu-' + idx;
    var canDelete = it.State === 'archived' && ROLE === 'admin';
    return '<tr onclick=""openInitiativeDrawer(\'' + x(it.ID) + '\')"" class=""u-pointer"">' +
      '<td>' + x(it.Name) + '</td>' +
      '<td><span class=""badge"" style=""color:' + col + ';border-color:' + col + '"">"
5794,renderInitiativeDrawer,document.getElementById('init-drawer-body'),=,partial_escaped,,1855,"'<div class=""u-mb-1"">' +
      '<span class=""badge"" style=""color:' + col + ';border-color:' + col + '"">' + initiativeStateLabel(it.State) + '</span> ' +
      '<span class=""tiny muted"">Created by ' + x(it.CreatedBy || '—') + ' · ' + x(fmtDate(it.CreatedAt)) + '</span>' +
    '</div>' +
    '<div style=""display:flex;gap:0.5rem;margin-bottom:1rem"">' +
      (it.State === 'active' ? '<button class=""b"
5834,initiativeShowDrawerError,if (el) el,=,escaped,,60,"msg ? '<div class=""tiny u-danger"">' + x(msg) + '</div>' : ''"
5862,openInitiativeCreateDrawer,document.getElementById('init-create-error'),=,static_empty,,2,''
5874,submitInitiativeCreate,errEl,=,static,,52,"'<div class=""tiny u-danger"">Name is required.</div>'"
5877,submitInitiativeCreate,errEl,=,static_empty,,2,''
5880,submitInitiativeCreate,errEl,=,escaped,api_response,55,"'<div class=""tiny u-danger"">' + x(res.error) + '</div>'"
5885,submitInitiativeCreate,errEl,=,escaped,error_message,55,"'<div class=""tiny u-danger"">' + x(e.message) + '</div>'"
5908,openInitiativeAttachDrawer,document.getElementById('init-attach-error'),=,static_empty,,2,''
5909,openInitiativeAttachDrawer,document.getElementById('init-attach-list'),=,static,,64,"'<div class=""tiny muted"" style=""padding:0.75rem"">Loading…</div>'"
5912,openInitiativeAttachDrawer,document.getElementById('init-attach-list'),=,escaped,api_response,90,"'<div class=""tiny"" style=""color:var(--danger);padding:0.75rem"">' + x(res.error) + '</div>'"
5915,openInitiativeAttachDrawer,document.getElementById('init-attach-list'),=,escaped,error_message,90,"'<div class=""tiny"" style=""color:var(--danger);padding:0.75rem"">' + x(e.message) + '</div>'"
5929,initiativeRenderAttachList,list,=,static,,81,"'<div class=""tiny muted"" style=""padding:0.75rem"">No unassigned jobs found.</div>'"
5932,initiativeRenderAttachList,list,=,unescaped_html,,633,"filtered.map(function(j) {
    var checked = j.id === INIT_ATTACH_SELECTED ? 'checked' : '';
    return '<label style=""display:flex;align-items:center;gap:0.5rem;padding:0.5rem 0.75rem;border-bottom:1px solid var(--border);cursor:pointer;font-size:0.78rem"">' +
      '<input type=""radio"" name=""init-attach-radio"" value=""' + x(j.id) + '"" ' + checked + ' onchange=""INIT_ATTACH_SELECTED=this.value"">' +
"
5946,submitInitiativeAttach,errEl,=,static,,58,"'<div class=""tiny u-danger"">Select a job to attach.</div>'"
5949,submitInitiativeAttach,errEl,=,static_empty,,2,''
5953,submitInitiativeAttach,errEl,=,escaped,api_response,55,"'<div class=""tiny u-danger"">' + x(res.error) + '</div>'"
5957,submitInitiativeAttach,errEl,=,escaped,error_message,55,"'<div class=""tiny u-danger"">' + x(e.message) + '</div>'"
6007,loadVerificationTab,sel,=,indirect_variable,,4,opts
6016,vfRenderDomainChips,wrap,=,unescaped_html,,475,"all.map(function(d) {
    var active = VF.domain === d.k;
    return '<span onclick=""vfSetDomain(\'' + d.k + '\')"" style=""cursor:pointer;text-transform:capitalize;padding:0.3rem 0.7rem;border-radius:999px;font-size:0.74rem;border:1px solid ' +
      (active ? 'var(--accent)' : 'var(--border)') + ';color:' + (active ? 'var(--accent)' : 'var(--muted)') +
      ';background:' + (active ? 'rgba(79,142"
6031,vfLoadQueue,box,=,static,,134,"'<div class=""empty"" style=""padding:2.5rem;text-align:center;color:var(--muted)"">Select a run to load its pending verifications.</div>'"
6032,vfLoadQueue,box,=,static,,95,"'<div class=""empty"" style=""padding:2.5rem;text-align:center;color:var(--muted)"">Loading…</div>'"
6035,vfLoadQueue,box,=,escaped,,86,"'<div class=""empty"" style=""padding:2rem;color:var(--danger)"">' + x(d.error) + '</div>'"
6038,vfLoadQueue,box,=,escaped,error_message,88,"'<div class=""empty"" style=""padding:2rem;color:var(--danger)"">' + x(e.message) + '</div>'"
6047,vfRenderQueue,box,=,unescaped_html,,235,"'<div class=""empty"" style=""padding:2.5rem;text-align:center;color:var(--muted)"">No off-host expectations for this run' + (VF.domain ? ' in the ' + x(VF.domain) + ' domain' : '') + '. Endpoint controls are verified automatically.</div>'"
6066,vfRenderQueue,box,=,unescaped_html,,626,"'<table style=""width:100%;border-collapse:collapse"">' +
    '<thead><tr style=""text-align:left;font-size:0.68rem;text-transform:uppercase;letter-spacing:0.04em;color:var(--muted)"">' +
    '<th style=""padding:0.6rem 0.8rem"">Status</th><th style=""padding:0.6rem 0.8rem"">Technique</th><th style=""padding:0.6rem 0.8rem"">Expected Control</th><th style=""padding:0.6rem 0.8rem"">Domain</th><th style=""padding"
6095,resultBtn,host,=,partial_escaped,,3013,"'<div style=""border-top:2px solid var(--accent);background:var(--bg);padding:1rem 1.1rem"">' +
    '<div style=""display:flex;justify-content:space-between;align-items:baseline;gap:1rem;margin-bottom:0.7rem"">' +
      '<div><strong style=""font-size:0.9rem"">' + x(i.providerDisplay || i.provider) + '</strong> · <code style=""font-size:0.72rem"">' + x(i.techniqueId) + '</code> · <span style=""text-transfo"
6125,vfCloseDetail,if (h) h,=,static_empty,,2,''
6181,vfLoadEvidence,host,=,static,,83,"'<div style=""font-size:0.74rem;color:var(--muted)"">No evidence attached yet.</div>'"
6183,vfLoadEvidence,host,=,unescaped_html,,1047,"list.map(function(e) {
      return '<div style=""display:flex;align-items:center;gap:0.6rem;padding:0.4rem 0.55rem;border:1px solid var(--border);border-radius:6px;margin-bottom:0.35rem;font-size:0.76rem"">' +
        '<span class=""u-success"">&#10003;</span>' +
        '<a href=""/api/evidence/' + encodeURIComponent(e.id) + '/download"" style=""color:var(--accent);text-decoration:none"">' + x(e.display"
6194,vfLoadEvidence,host,=,static,,83,"'<div style=""font-size:0.74rem;color:var(--danger)"">Failed to load evidence.</div>'"
6217,vfToggleHistory,host,=,static_empty,,2,''
6219,vfToggleHistory,host,=,static,,74,"'<div style=""font-size:0.74rem;color:var(--muted)"">Loading history…</div>'"
6222,vfToggleHistory,host,=,static,,87,"'<div style=""font-size:0.74rem;color:var(--muted)"">No attestations recorded yet.</div>'"
6223,vfToggleHistory,host,=,unescaped_html,,963,"'<div style=""font-size:0.72rem;text-transform:uppercase;letter-spacing:0.04em;color:var(--muted);margin-bottom:0.4rem"">Attestation history (immutable)</div>' +
      h.map(function(r) {
        return '<div style=""display:flex;gap:0.6rem;font-size:0.74rem;padding:0.35rem 0;border-bottom:1px solid var(--border)"">' +
          '<span style=""font-weight:700;color:' + vfStatusColor(r.active ? (r.workf"
6235,vfToggleHistory,host,=,static,,82,"'<div style=""font-size:0.74rem;color:var(--danger)"">Failed to load history.</div>'"
6241,loadAttackPath,if (body) body,=,static,,56,"'<div class=""empty"" style=""padding:2rem"">Loading…</div>'"
6296,loadExposureAssets,body,=,static,,54,"'<tr><td colspan=""8"" class=""empty"">Loading…</td></tr>'"
6299,loadExposureAssets,body,=,static,,110,"'<tr><td colspan=""8"" class=""empty"">No assets found — enroll an agent or run attack-path collection.</td></tr>'"
6302,loadExposureAssets,body,=,unescaped_html,,926,"assets.map(function(a) {
      return '<tr class=""u-pointer"" onclick=""openExposureDetail(\'' + x(a.asset.hostKey) + '\')"">' +
        '<td class=""u-fw600"">' + x(a.asset.label) + '</td>' +
        '<td>' + (a.asset.managed ? '<span class=""badge"">Managed</span>' : '<span class=""badge u-muted"">Discovered</span>') + '</td>' +
        '<td style=""color:' + apColor(a.exposureScore) + ';font-weight:700"">"
6315,loadExposureAssets,body,=,escaped,error_message,91,"'<tr><td colspan=""8"" class=""empty u-danger"">Failed to load: ' + x(e.message) + '</td></tr>'"
6385,renderExecDashboard,el,=,indirect_builder,,276,"edKpiCard('Risk Score', current.avgRiskScore, risk) +
    edKpiCard('Exposure Score', current.exposureScore, exp, noAttackPathData) +
    edKpiCard('Detection Coverage', current.detectionCoverage, det, noAttackPathData) +
    edKpiCard('Fleet Assets', current.assetCount, cnt)"
6441,renderForecast,el,=,static_empty,,2,''
6448,renderForecast,el,=,partial_escaped,,405,"'<div class=""card"" style=""margin-top:1rem;padding:1rem"">' +
    '<div style=""display:flex;justify-content:space-between;align-items:center"">' +
      '<div><span class=""kpi-label"">Risk-score forecast</span> &nbsp;' + edDirectionLabel(fc) + '</div>' +
      conf +
    '</div>' +
    (chart || '<div class=""tiny muted"" style=""margin-top:0.4rem"">Not enough data to chart yet.</div>') +
    note +
  '</"
6462,renderExposure,el,=,static,,210,"'<div class=""card"" style=""margin-top:1rem;padding:1rem"">' +
      '<span class=""kpi-label"">Open exposure windows</span>' +
      '<div class=""tiny muted"" style=""margin-top:0.4rem"">No open findings.</div></div>'"
6484,stat,el,=,unescaped_html,,351,"'<div class=""card"" style=""margin-top:1rem;padding:1rem"">' +
    '<span class=""kpi-label"">Open exposure windows</span>' + strip +
    '<div class=""tbl-wrap""><table><thead><tr>' +
      '<th>Technique</th><th>Severity</th><th>Days open</th><th>First seen</th><th>Reopened</th>' +
    '</tr></thead><tbody>' + rows + '</tbody></table></div>' +
  '</div>'"
6532,loadCoverageMatrix,body,=,static,,61,"'<tr><td colspan=""6"" class=""empty"">Loading&hellip;</td></tr>'"
6538,loadCoverageMatrix,body,=,static_empty,,2,''
6543,loadCoverageMatrix,body,=,unescaped_html,,495,"rows.map(function(r) {
        return '<tr>' +
          '<td class=""u-fw600"">' + x(r.techniqueId) + '</td>' +
          '<td>' + covStatusCell(r.simulationExists) + '</td>' +
          '<td>' + covStatusCell(r.detectionProfileExists) + '</td>' +
          '<td>' + covStatusCell(r.purpleExerciseExists) + '</td>' +
          '<td>' + covStatusCell(r.complianceMappingExists) + '</td>' +
          '<"
6555,loadCoverageMatrix,body,=,escaped,error_message,91,"'<tr><td colspan=""6"" class=""empty u-danger"">Failed to load: ' + x(e.message) + '</td></tr>'"
6581,loadThreatPriorityActors,body,=,static,,61,"'<tr><td colspan=""5"" class=""empty"">Loading&hellip;</td></tr>'"
6586,loadThreatPriorityActors,body,=,static_empty,,2,''
6591,loadThreatPriorityActors,body,=,unescaped_html,,513,"TP_ACTOR_CACHE.map(function(a) {
        return '<tr class=""u-pointer"" onclick=\'showThreatPriorityDetail(' + JSON.stringify(a.actorName).replace(/'/g, ""&#39;"") + ')\'>' +
          '<td class=""u-fw600"">' + x(a.actorName) + '</td>' +
          '<td>' + tpTierBadge(a.tier) + '</td>' +
          '<td>' + x(a.score) + '</td>' +
          '<td>' + tpTrendCell(a.trend, a.trendDelta) + '</td>' +
       "
6602,loadThreatPriorityActors,body,=,escaped,error_message,91,"'<tr><td colspan=""5"" class=""empty u-danger"">Failed to load: ' + x(e.message) + '</td></tr>'"
6614,showThreatPriorityDetail,document.getElementById('tp-detail-factors'),=,escaped,error_message,72,"'<div class=""empty u-danger"">Failed to load: ' + x(e.message) + '</div>'"
6619,renderThreatPriorityDetail,document.getElementById('tp-detail-title'),=,partial_escaped,,153,"x(d.actorName) +
    (d.canonicalGroupId ? '  <span class=""tiny muted"" style=""font-weight:400"">&middot; MITRE ' + x(d.canonicalGroupId) + '</span>' : '')"
6622,renderThreatPriorityDetail,document.getElementById('tp-detail-summary'),=,partial_escaped,,505,"'<div class=""kpi-card""><div class=""kpi-label"">Score</div><div class=""kpi-value"">' + x(d.score) + '</div></div>' +
    '<div class=""kpi-card""><div class=""kpi-label"">Tier</div><div class=""kpi-value"">' + tpTierBadge(d.tier) + '</div></div>' +
    '<div class=""kpi-card""><div class=""kpi-label"">Techniques</div><div class=""kpi-value"">' + x(d.techniqueCount) + '</div></div>' +
    '<div class=""kpi-card""><"
6635,renderThreatPriorityDetail,document.getElementById('tp-detail-factors'),=,unescaped_html,api_response,53,"factors || '<div class=""empty"">No factor data.</div>'"
6638,renderThreatPriorityDetail,document.getElementById('tp-detail-uncovered'),=,escaped,,169,"uncovered.length
    ? uncovered.map(function(t) { return '<span class=""tool-tag"">' + x(t) + '</span>'; }).join(' ')
    : '<span class=""muted"">No coverage gaps.</span>'"
6649,renderThreatPriorityDetail,document.getElementById('tp-detail-coverage'),=,unescaped_html,api_response,1068,"techCoverage.length
    ? '<table class=""u-w100""><thead><tr><th>Technique</th><th>Content</th><th>Prevention</th><th>Detection</th></tr></thead><tbody>' +
      techCoverage.map(function(tc) {
        var content = [
          tc.hasSimulation ? '<span class=""tool-tag"">Sim</span>' : '',
          tc.hasDetection ? '<span class=""tool-tag"">Detect</span>' : '',
          tc.hasCompliance ? '<span cla"
6666,renderThreatPriorityDetail,document.getElementById('tp-detail-sources'),=,unescaped_likely_safe,user_created_name,1770,"sources.length
    ? '<div style=""display:grid;grid-template-columns:repeat(auto-fit,minmax(250px,1fr));gap:0.75rem"">' +
      sources.map(function(s) {
        // ""Unknown"" (never ""None""): an empty field here means this source
        // never supplied it -- e.g. OpenCTI never reports sectors/regions,
        // MISP never reports aliases. Rendering it as ""None"" would read as
        // a positiv"
6701,row,document.getElementById('tp-detail-evidence'),=,unescaped_html,,556,"'<table class=""u-w100""><thead><tr><th>Technique</th><th>Via</th><th>Confidence</th><th>Since</th></tr></thead><tbody>' +
      techEvidence.map(function(e) {
        var via = e.via ? (e.via + (e.viaName ? ' (' + x(e.viaName) + ')' : '')) : '<span class=""muted"">direct</span>';
        var since = e.startTime ? x(fmtDate(e.startTime)) : '<span class=""muted"">&mdash;</span>';
        return '<tr><td>"
6714,row,document.getElementById('tp-detail-history'),=,escaped,,331,"hist.length
    ? '<table class=""u-w100""><thead><tr><th>Date</th><th>Score</th></tr></thead><tbody>' +
      hist.map(function(h) { return '<tr><td>' + x(new Date(h.recordedAt).toLocaleDateString()) + '</td><td>' + x(h.score) + '</td></tr>'; }).join('') +
      '</tbody></table>'
    : '<span class=""muted"">No history yet.</span>'"
6724,row,document.getElementById('tp-detail-recs'),=,escaped,user_created_name,301,"matches.length
      ? matches.map(function(t) { return '<div style=""padding:0.3rem 0"">' + x(t.techniqueId) + ' — ' + x(t.name) + ' <span class=""tiny muted"">(score ' + x(t.score) + ')</span></div>'; }).join('')
      : '<span class=""muted"">No open recommendations for this actor\'s techniques.</span>'"
6728,row,document.getElementById('tp-detail-recs'),=,static,,60,"'<span class=""muted"">Could not load recommendations.</span>'"
6736,loadRecommendations,body,=,static,,54,"'<tr><td colspan=""7"" class=""empty"">Loading…</td></tr>'"
6740,loadRecommendations,body,=,escaped,error_message,91,"'<tr><td colspan=""7"" class=""empty u-danger"">Failed to load: ' + x(e.message) + '</td></tr>'"
6749,renderRecommendations,body,=,static,,114,"'<tr><td colspan=""7"" class=""empty"">No recommendations yet — seed ATT&CK/ART content to rank techniques.</td></tr>'"
6752,renderRecommendations,body,=,unescaped_likely_safe,"threat_intel,user_created_name",1300,"list.map(function(t) {
    var threat = [];
    if (t.kev) threat.push('<span class=""badge"" style=""color:var(--danger);border-color:var(--danger)"">KEV</span>');
    if (t.epssPercentile) threat.push('<span class=""badge"">EPSS ' + Math.round(t.epssPercentile) + '</span>');
    if (t.threatActors) threat.push('<span class=""badge"">' + t.threatActors + ' group' + (t.threatActors === 1 ? '' : 's') + '</"
6794,openExposureDetail,body,=,static,,56,"'<div class=""empty"" style=""padding:2rem"">Loading…</div>'"
6860,expCard,body,=,indirect_variable,,1,h
6862,expCard,body,=,escaped,error_message,72,"'<div class=""empty u-danger"">Failed to load: ' + x(e.message) + '</div>'"
6882,loadOpenAEVConfig,configPanel,=,partial_escaped,openaev,1147,"'<div class=""kpi-row"">' +
          '<input id=""oaev-url"" type=""text"" placeholder=""https://openaev.example.local"" value=""' + x(cfg.baseUrl || '') + '"" class=""inp-sm u-flex1"">' +
          '<input id=""oaev-token"" type=""password"" placeholder=""Bearer token (leave blank to keep current)"" class=""inp-sm u-flex1"">' +
          '<label class=""tiny muted"" style=""display:flex;align-items:center;gap:0.3rem"">"
6897,loadOpenAEVConfig,configPanel,=,static_empty,,2,''
6958,loadOpenAEVScenarios,body,=,static_empty,,2,''
6963,loadOpenAEVScenarios,body,=,unescaped_likely_safe,openaev,470,"list.map(function(sc) {
      return '<tr class=""u-pointer"" onclick=""openOpenAEVDetail(\'' + x(sc.OpenAEVScenarioID) + '\')"">' +
        '<td>' + x(sc.Name) + '</td>' +
        '<td>' + x(sc.Category) + '</td>' +
        '<td>' + x(sc.Severity) + '</td>' +
        '<td>' + (sc.TechniqueIDs || []).length + '</td>' +
        '<td>' + sc.InjectsCount + '</td>' +
        '<td class=""tiny muted"">' + x("
7049,openOpenAEVDetail,body,=,partial_escaped,user_created_name,83,"'<div class=""tiny muted"">' + x(d.detail.description || '') + '</div>' + injectsHtml"
7051,openOpenAEVDetail,body,+=,escaped,openaev,156,"'<div style=""margin-top:1rem""><button class=""btn btn-primary btn-sm"" onclick=""createPlanFromOpenAEV(\'' + x(id) + '\')"">Create Exercise Plan</button></div>'"
7067,loadExercisesTab,body,=,static_empty,,2,''
7069,loadExercisesTab,body,=,unescaped_likely_safe,user_created_name,375,"plans.map(function(p) {
      return '<tr>' +
        '<td>' + x(p.name) + '</td>' +
        '<td>' + (p.steps ? p.steps.length : 0) + '</td>' +
        '<td class=""tiny muted"">' + x(p.created_at || '') + '</td>' +
        '<td><button class=""btn btn-primary btn-sm"" onclick=""launchExercisePrompt(\'' + x(p.id) + '\')"">Launch</button></td>' +
        '</tr>';
    }).join('')"
7082,loadExercisesTab,body,=,static_empty,,2,''
7084,loadExercisesTab,body,=,unescaped_html,user_created_name,932,"execs.map(function(e) {
      var live = e.status === 'running' || e.status === 'paused';
      var progress = e.steps_total
        ? (e.steps_done || 0) + ' / ' + e.steps_total + ' steps'
        : '<span class=""tiny muted"">—</span>';
      var abortBtn = live
        ? '<button class=""btn btn-outline-red btn-sm"" onclick=""event.stopPropagation();abortExecution(\'' + x(e.id) + '\')"">&#9632; Abort"
7228,openExerciseDetail,document.getElementById('exercise-detail-body'),=,unescaped_html,,79,"scoreHtml + stepsHtml + '<div style=""margin-top:0.75rem"">' + actions + '</div>'"
7458,loadAPHistory,tb,=,static,,54,"'<tr><td colspan=""7"" class=""empty"">Loading…</td></tr>'"
7461,loadAPHistory,tb,=,static,,72,"'<tr><td colspan=""7"" class=""empty"">No collection history yet.</td></tr>'"
7464,loadAPHistory,tb,=,unescaped_html,agent,960,"rows.map(function(r) {
      var ts = r.collectedAt ? new Date(r.collectedAt).toLocaleString('en-GB',{day:'2-digit',month:'short',hour:'2-digit',minute:'2-digit'}) : '—';
      var statusBadge = r.status === 'completed'
        ? '<span class=""u-success"">&#10003; Completed</span>'
        : '<span class=""u-danger"">&#10005; ' + x(r.status) + (r.errorMsg ? ': ' + x(r.errorMsg.slice(0,40)) : '') + '<"
7480,loadAPHistory,tb,=,escaped,error_message,66,"'<tr><td colspan=""7"" class=""empty"">' + x(e.message) + '</td></tr>'"
7489,renderAttackPath,body,=,static,,576,"'<div class=""dash-panel""><div class=""dash-panel-body"" style=""padding:2rem;text-align:center"">' +
      '<div style=""font-size:1rem;font-weight:700;color:var(--text);margin-bottom:0.4rem"">No attack-path data collected yet</div>' +
      '<div class=""tiny muted"" style=""max-width:520px;margin:0 auto 1rem"">Run a collection on an enrolled agent to map lateral-movement reachability, blast radius, segmen"
7535,renderAttackPath,body,=,indirect_variable,,1,h
7592,fill,sel,=,unescaped_html,agent,242,"(agents || []).map(function(a) {
      return '<option value=""' + x(a.agentId) + '"">' + x(a.hostname || a.agentId) + (a.status === 'offline' ? ' (offline)' : '') + '</option>';
    }).join('') || '<option value="""">No agents enrolled</option>'"
7616,apDiscoverSubnet,btn,=,static,,27,'&#128270; Discover Subnet'
7626,apDiscoverSubnet,btn,=,static,,27,'&#128270; Discover Subnet'
7671,dispatchAPCollect,tl,=,partial_escaped,,843,"_apStep('done', 'Collection started for ' + x(agentLabel) + ' at ' + _apTimestamp(),
        targets.length + ' target' + (targets.length === 1 ? '' : 's') + ' queued — job ' + (r.job ? r.job.id.slice(0,8) : '')) +
      (shDetail ? _apStep('warn', 'SharpHound notice', shDetail) : '') +
      _apStep(jobStatus === 'dispatched' || jobStatus === 'running' ? 'done' : 'active',
        jobStatus === '"
7772,_apRenderJobState,tl,=,indirect_builder,,490,"_apStep(dispatchState, 'Job dispatched — ' + job.id.slice(0,8),
      job.targetCount > 0 ? job.targetCount + ' target' + (job.targetCount === 1 ? '' : 's') + ' queued' : '') +
    _apStep(ackState, statusLabel, '') +
    _apStep(probeState, 'Executing on agent', progDetail) +
    _apStep(uploadState, 'Uploading results…', '') +
    _apStep(graphState, 'Graph built &amp; analysis complete',
      "
7874,_apOnCollected,tl,=,partial_escaped,api_response,602,"step1Html +
    _apStep('done', 'Agent finished probing at ' + _apTimestamp(), label + ' completed TCP probes across all targets.') +
    _apStep('done', 'Collection received — ' + nodes + ' node' + (nodes === 1 ? '' : 's') + ', ' + edges + ' lateral edge' + (edges === 1 ? '' : 's') + ' mapped',
      'The server has built the updated graph. Previous collection (if any) has been superseded by this"
7914,openAPAssets,document.getElementById('ap-assets-body'),=,static,,54,"'<tr><td colspan=""5"" class=""empty"">Loading…</td></tr>'"
7924,renderAPAssets,tb,=,static,,95,"'<tr><td colspan=""7"" class=""empty"">No hosts discovered yet — run a collection first.</td></tr>'"
7927,renderAPAssets,tb,=,unescaped_html,,1896,"AP_ASSETS.map(function(a, i) {
    var tierOpts = AP_CRIT_TIERS.map(function(t) {
      return '<option value=""' + t + '""' + (a.criticalityTier === t ? ' selected' : '') + '>' + (t || '—') + '</option>';
    }).join('');
    return '<tr>' +
      '<td style=""font-family:var(--font-mono);font-size:0.76rem"">' + x(a.label || a.hostKey) +
        (a.label && a.label.toUpperCase() !== (a.hostKey || '')"
8097,renderAgentGroupTree,root,=,unescaped_text,agent,58,allRow + agentGroupTree.map(renderAgentGroupNode).join('')
8208,openGroupPicker,document.getElementById('gp-select'),=,partial_escaped,,158,"'<option value="""">' + topLabel + '</option>' +
    options.map(function(o) { return '<option value=""' + x(o.id) + '"">' + x(o.label) + '</option>'; }).join('')"
8287,renderLegacyMigrationPanel,el,=,unescaped_html,,501,"'<div class=""legacy-migration-header"">Legacy Transport Migration</div>' +
      '<div class=""legacy-migration-days"">Days clean: ' + status.daysClean + ' / ' + status.daysRequired + '</div>' +
      '<div class=""legacy-migration-status ' + (status.eligible ? 'eligible' : 'not-eligible') + '"">' +
        (status.eligible ? 'ELIGIBLE FOR REVIEW' : 'NOT YET ELIGIBLE') +
      '</div>' +
      unattrib"
8345,renderAgentTiles,if (el) el,=,indirect_builder,,358,"tile('Total agents', b.online + b.degraded + b.offline, 'var(--text)') +
    tile('Online', b.online, b.online ? 'var(--success)' : 'var(--muted)') +
    tile('Degraded', b.degraded, b.degraded ? 'var(--warning)' : 'var(--muted)') +
    tile('Offline', b.offline, b.offline ? 'var(--danger)' : 'var(--muted)') +
    tile('Retired', b.retired, 'var(--muted)')"
8369,c,if (el) el,=,indirect_builder,,171,"covSegHtml(
    [['all', 'All'], ['online', 'Online'], ['degraded', 'Degraded'], ['offline', 'Offline'], ['retired', 'Retired']],
    AGENT_FILTER, 'setAgentFilter', c
  )"
8386,renderAgentRows,tbody,=,unescaped_html,,62,"'<tr><td colspan=""8"" class=""empty"">' + emptyMsg + '</td></tr>'"
8389,renderAgentRows,tbody,=,unescaped_html,agent,6034,"list.map(function(a, idx) {
    var dot = agentDotColor(agentBucket(a));
    var menuId = 'agent-menu-' + idx;
    return '<tr>' +
      '<td style=""max-width:180px""><div style=""display:flex;align-items:center;gap:0.5rem""><span style=""width:8px;height:8px;border-radius:50%;flex-shrink:0;background:' + dot + '""></span>' +
        '<div style=""min-width:0""><div class=""cell-main"" style=""font-family:v"
8704,renderScenarioLanding,el,=,unescaped_html,,51,"html || '<p class=""empty"">No scenarios loaded.</p>'"
8747,renderScenarios,landingEl,=,static,,43,"'<p class=""empty"">No scenarios loaded.</p>'"
8792,renderScenarios,sgrid,=,indirect_builder,,165,"results.length
      ? '<div class=""sc-fade"">' + renderScenarioTileGroup('search', results) + '</div>'
      : '<p class=""empty"">No scenarios match your search.</p>'"
8821,renderScenarios,grid,=,indirect_builder,,161,"inCat.length
    ? '<div class=""sc-fade"">' + renderScenarioTileGroup(scenarioView, inCat) + '</div>'
    : '<p class=""empty"">No scenarios match your filter.</p>'"
9163,count,document.getElementById('campaign-toolbar'),=,indirect_builder,,56,"covSegHtml(items, CAMPAIGN_TAB, 'setCampaignTab', count)"
9169,renderCampaignRows,tb,=,unescaped_html,,120,"'<tr><td colspan=""6"" class=""empty"">No campaigns' + (CAMPAIGN_TAB === 'all' ? ' yet.' : ' in this state.') + '</td></tr>'"
9170,renderCampaignRows,tb,=,unescaped_html,user_created_name,1364,"list.map(function(c) {
    var s = c.summary || {};
    var cds = campaignDisplayStatus(s);
    var status = '<span class=""sbadge s-' + cds.cls + '"">' + x(cds.label) + '</span>';
    if (s.status === 'running') {
      status += '<div class=""prog"" style=""width:90px;margin-top:5px""><i style=""width:' + (s.progress || 0) + '%""></i></div>' +
        '<span class=""tiny muted"">' + (s.progress || 0) + '%"
9266,kv,document.getElementById('campaigns-detail'),=,partial_escaped,user_created_name,1160,"'<div style=""display:flex;align-items:flex-start;justify-content:space-between;gap:1rem;margin-bottom:1rem;flex-wrap:wrap"">' +
        '<div><a class=""tiny"" style=""color:var(--accent);cursor:pointer"" onclick=""closeCampaignDetail()"">&larr; Campaigns</a>' +
        '<h1 style=""font-family:var(--font-display);font-size:1.5rem;font-weight:700;letter-spacing:-0.02em;margin:0.3rem 0;color:var(--text)"">'"
9301,rowf,el,=,indirect_builder,,99,"hdr('Recommended next steps') + '<div class=""tiny muted"">No open findings for this campaign.</div>'"
9304,rowf,el,=,unescaped_likely_safe,,149,"(open.length ? hdr('Top open findings') + open.map(rowf).join('') : '') +
      (regr.length ? hdr('Top regressions') + regr.map(rowf).join('') : '')"
9347,openCampaignLaunch,document.getElementById('cmp-scenario'),=,escaped,"scenario,user_created_name",164,"'<option value="""">— Select a scenario —</option>' +
    scenarios.map(function(s) { return '<option value=""' + x(s.id) + '"">' + x(s.name) + '</option>'; }).join('')"
9349,openCampaignLaunch,document.getElementById('cmp-scenario-preview'),=,static_empty,,2,''
9363,openCampaignLaunch,document.getElementById('cmp-filter-env'),=,escaped,,159,"'<option value="""">All environments</option>' +
    Object.keys(envs).map(function(e) { return '<option value=""' + x(e) + '"">' + x(e) + '</option>'; }).join('')"
9370,openCampaignLaunch,typeSel,=,indirect_variable,,4,opts
9378,openCampaignLaunch,groupSel,=,escaped,,147,"Object.keys(CMP.groupsById).map(function(id) {
      return '<option value=""' + x(id) + '"">' + x(CMP.groupsById[id]) + '</option>';
    }).join('')"
9405,cmpOnGroupChange,document.getElementById('cmp-group-preview'),=,static_empty,,2,''
9405,cmpOnGroupChange,document.getElementById('cmp-exclusions'),=,static_empty,,2,''
9420,renderCampaignGroupPreview,document.getElementById('cmp-group-preview'),=,unescaped_html,,123,"'<div>' + list.length + ' agents — ' + osLine + '</div>' +
    '<div>' + online + ' online · ' + offline + ' offline</div>'"
9423,renderCampaignGroupPreview,document.getElementById('cmp-exclusions'),=,escaped,agent,381,"list.map(function(a) {
    return '<label style=""display:flex;align-items:center;gap:0.5rem;padding:0.25rem 0.3rem;cursor:pointer"">' +
      '<input type=""checkbox"" onchange=""cmpToggleExclusion(\'' + x(a.agentId) + '\',this.checked)"">' +
      '<code style=""font-size:0.72rem"">' + x(a.agentId) + '</code><span class=""tiny muted"">' + x(a.hostname) + '</span></label>';
  }).join('')"
9482,setCampaignSource,document.getElementById('cmp-scenario-preview'),=,static_empty,,2,''
9510,selectTIPack,info,=,static,,109,"'<span class=""u-danger"">No data available for this pack — run more scenarios or reseed content first.</span>'"
9519,selectTIPack,info,=,partial_escaped,user_created_name,371,"(_tiPackIcons[type] || '') + ' <strong>' + x(pack.packName) + '</strong><br>' +
      '<span class=""u-muted"">' + x(pack.description) + '</span><br>' +
      '<span style=""font-size:0.75rem;margin-top:4px;display:inline-block""><strong>' + pack.techniqueCount + '</strong> techniques &middot; <strong>' + tacticCount + '</strong> tactics' + kevNote + ransomNote + '</span>'"
9527,selectTIPack,info,=,static,api_response,58,"'<span class=""u-danger"">Failed to fetch pack data.</span>'"
9563,_applyGeneratedTIScenario,el,=,partial_escaped,,144,'&#10003; Generated: <strong>' + x(pack.suggestedName) + '</strong> — ' + pack.techniqueCount + ' techniques. Ready to configure targets below.'
9592,_selectCmpScenario,document.getElementById('cmp-scenario'),=,unescaped_html,"scenario,user_created_name",214,"'<option value="""">— Select a scenario —</option>' +
    scenarios.map(function(s) {
      return '<option value=""' + x(s.id) + '""' + (s.id === id ? ' selected' : '') + '>' + x(s.name) + '</option>';
    }).join('')"
9604,cmpOnExistingScenarioChange,el,=,static_empty,,2,''
9606,cmpOnExistingScenarioChange,el,=,static_empty,,2,''
9610,cmpOnExistingScenarioChange,el,=,partial_escaped,,18,x(desc) + tagsLine
9629,loadKEVWidget,tiles,=,unescaped_html,,1161,"hasKev ?
      '<div class=""kpi-card stat-tile"" title=""Techniques with CISA KEV CVEs — create a pack to validate them"">' +
      '<div class=""stat-top""><div><div class=""kpi-label"">KEV-Linked Techniques</div><div class=""kpi-value u-danger"">' + pack.techniqueCount + '</div></div>' +
      '<div class=""stat-icon"" style=""background:rgba(218,54,51,0.10);color:var(--danger)"">&#9760;</div></div>' +
     "
9649,renderTIActors,el,=,static_empty,,2,''
9650,renderTIActors,el,=,unescaped_html,actor,749,"'<div style=""font-size:0.68rem;font-weight:600;letter-spacing:0.05em;color:var(--muted);text-transform:uppercase;margin:0.75rem 0 0.4rem"">Top Threat Actors</div>' +
    actors.map(function(a) {
      return '<div style=""display:flex;justify-content:space-between;align-items:center;padding:0.35rem 0;border-bottom:1px solid var(--border)"">' +
        '<span style=""font-weight:600;cursor:pointer"" onc"
9694,loadEndpointPostureWidget,tiles,=,indirect_variable,,4,html
9717,loadReadinessTrends,summary,=,unescaped_html,api_response,290,"'<span style=""margin-right:1rem""><strong class=""u-success"">' + improved + '</strong> improved</span>' +
        '<span style=""margin-right:1rem""><strong class=""u-danger"">' + regressed + '</strong> regressed</span>' +
        '<span><strong>' + data.total + '</strong> actors tracked</span>'"
9724,loadReadinessTrends,el,=,unescaped_likely_safe,,869,"rows.map(function(t) {
      var arrow = t.direction === 'up'
        ? '<span style=""color:var(--success);font-weight:700"">&#8679; +' + t.preventionDelta.toFixed(1) + '%</span>'
        : t.direction === 'down'
        ? '<span style=""color:var(--danger);font-weight:700"">&#8681; ' + t.preventionDelta.toFixed(1) + '%</span>'
        : '<span class=""u-muted"">&#8213;</span>';
      var prevColor = _"
9752,renderCampaignTargets,document.getElementById('cmp-targets'),=,unescaped_html,agent,540,"list.length ? list.map(function(a) {
    return '<label style=""display:flex;align-items:center;gap:0.5rem;padding:0.25rem 0.3rem;cursor:pointer"">' +
      '<input type=""checkbox"" ' + (_cmpSel[a.agentId] ? 'checked' : '') + ' onchange=""_cmpSel[\'' + x(a.agentId) + '\']=this.checked;cmpUpdateCount()"">' +
      '<code style=""font-size:0.72rem"">' + x(a.agentId) + '</code><span class=""tiny muted"">' + x"
9899,renderTemplateGrid,grid,=,unescaped_html,,234,"html
      ? '<div class=""sc-fade"" style=""display:grid;grid-template-columns:repeat(auto-fill,minmax(320px,1fr));gap:0.85rem"">' + html + '</div>'
      : '<div class=""empty"" style=""padding:1.5rem"">No templates in this category.</div>'"
9952,openTmplRun,if (srcsEl) srcsEl,=,unescaped_html,,110,"srcRows || '<span style=""color:var(--muted);font-size:0.8rem"">No sources configured for this template.</span>'"
10006,renderTmplAgentList,list,=,static,agent,62,"'<p class=""tiny muted"" style=""margin:0"">No online agents.</p>'"
10008,renderTmplAgentList,list,=,unescaped_html,agent,546,"online.map(function(a) {
      return '<label style=""display:flex;align-items:center;gap:0.5rem;padding:0.25rem 0.3rem;cursor:pointer"">' +
        '<input type=""checkbox"" ' + (_tmplSelAgents[a.agentId] ? 'checked' : '') +
        ' onchange=""_tmplSelAgents[\'' + x(a.agentId) + '\']=this.checked;renderTmplAgentCount();renderTmplOSCompat()"">' +
        '<code style=""font-size:0.72rem"">' + x(a.agentI"
10048,renderGroupCheckboxList,list,=,unescaped_html,,91,"'<p class=""' + emptyClass + '"" style=""margin:0"">No agent groups have been created yet.</p>'"
10057,renderGroupCheckboxList,list,=,unescaped_html,,464,"options.map(function(o) {
    return '<label style=""display:flex;align-items:center;gap:0.5rem;padding:0.25rem 0.3rem;cursor:pointer"">' +
      '<input type=""checkbox"" ' + (stateVar[o.id] ? 'checked' : '') +
      ' onchange=""' + stateVarName + '[' + o.id + ']=this.checked;' + onchange + '"">' +
      '<span style=""font-size:0.8rem"">' + x(o.label) + '</span>' +
      '<span class=""tiny muted"">(' + "
10099,renderTmplWarn,warn,=,static,,260,"'<div style=""padding:0.55rem 0.75rem;background:rgba(35,134,54,.1);border:1px solid rgba(35,134,54,.3);border-radius:var(--radius);color:#56d364"">Telemetry mode — real techniques executed with production-safe guards. All cleanup steps run automatically.</div>'"
10101,renderTmplWarn,warn,=,static,,276,"'<div style=""padding:0.55rem 0.75rem;background:rgba(218,54,51,.1);border:1px solid rgba(218,54,51,.3);border-radius:var(--radius);color:#f85149"">Lab mode — full fidelity. Run ONLY in isolated lab range. High-risk techniques will execute without production-safe guards.</div>'"
10103,renderTmplWarn,warn,=,static_empty,,2,''
10130,renderTmplOSCompat,warnEl,=,static_empty,,2,''
10148,renderTmplOSCompat,warnEl,=,static_empty,,2,''
10165,renderTmplOSCompat,warnEl,=,static_empty,,2,''
10175,renderTmplOSCompat,warnEl,=,escaped,,235,"'<div style=""padding:0.5rem 0.65rem;background:rgba(218,54,51,.1);border:1px solid rgba(218,54,51,.3);border-radius:var(--radius);color:#f85149"">' +
      'No selected source can run on any targeted agent — ' + x(skipLines) + '.</div>'"
10184,renderTmplOSCompat,warnEl,=,escaped,,223,"'<div style=""padding:0.5rem 0.65rem;background:rgba(210,153,34,.1);border:1px solid rgba(210,153,34,.3);border-radius:var(--radius);color:var(--warning)"">' +
    x(skipLines) + ' (require Windows).' + x(deadNote) + '</div>'"
10277,renderAdversaryLibrary,grid,=,static,,110,"'<div style=""color:var(--muted);font-size:0.82rem;padding:0.5rem 0"">No threat actors match your search.</div>'"
10292,tacticChip,grid,=,unescaped_likely_safe,user_created_name,1578,"filtered.map(function(a) {
    var tactics = (a.tactics || []).slice(0, 4).map(tacticChip).join(' ');
    var moreT = a.tactics && a.tactics.length > 4 ? ' <span style=""color:var(--muted);font-size:0.68rem"">+' + (a.tactics.length - 4) + '</span>' : '';
    var desc = (a.description || '').length > 100 ? a.description.substring(0, 97) + '…' : (a.description || 'MITRE CTID adversary emulation profil"
10321,openAdvDrawer,abEl,=,static,,66,"'<div style=""color:var(--muted);font-size:0.78rem"">Loading…</div>'"
10324,openAdvDrawer,runWrap,=,partial_escaped,user_created_name,230,"canRun
      ? '<button class=""btn btn-primary btn-sm u-w100"" onclick=""openAdvRunModal(\'' + x(adversaryId) + '\',\'' + (adv ? x(adv.name).replace(/'/g,'\\\'') : adversaryId) + '\')"">&#9654; Run this adversary</button>'
      : ''"
10333,openAdvDrawer,abEl,=,static,,77,"'<div style=""color:var(--muted);font-size:0.78rem"">No abilities found.</div>'"
10338,openAdvDrawer,abEl,=,unescaped_likely_safe,user_created_name,1757,"abs.map(function(ab, i) {
      var col = tacticColors[ab.tactic] || 'var(--muted)';
      var badges = '';
      if ((ab.platforms || []).length) badges += '<span style=""font-size:0.65rem;padding:1px 5px;border-radius:7px;background:var(--surface);border:1px solid var(--border);color:var(--muted)"">' + x(ab.platforms.join('/')) + '</span>';
      if (ab.requiresPayload) badges += '<span style=""fon"
10357,openAdvDrawer,abEl,=,static,,87,"'<div style=""color:var(--muted);font-size:0.78rem"">Could not load ability chain.</div>'"
10376,openAdvRunModal,agSel,=,unescaped_html,agent,266,"agents.map(function(a) {
    var os = a.osVersion ? ' [' + (a.osVersion.toLowerCase().indexOf('windows') !== -1 ? 'Win' : 'Other') + ']' : '';
    return '<option value=""' + x(a.agentId) + '"">' + x(a.agentId) + ' — ' + x(a.hostname) + os + '</option>';
  }).join('')"
10401,renderAdvRunWarn,warn,=,static,,191,"'&#9888; <strong>TELEMETRY mode</strong> — runs real, identity-safe ATT&amp;CK techniques and <strong>will generate EDR/SIEM alerts</strong>. Only proceed on an approved, monitored endpoint.'"
10407,renderAdvRunWarn,warn,=,static,,198,"'&#9888; <strong>LAB mode — FULL FIDELITY</strong>. Payload-bearing abilities (credential tools, lateral movement payloads) will execute. <strong>ISOLATED AD RANGE ONLY — NEVER PRODUCTION.</strong>'"
10462,populateCoverageFilters,scenSel,=,escaped,user_created_name,166,"'<option value="""">All scenarios</option>' +
      (scenarios || []).map(function(s) { return '<option value=""' + x(s.id) + '"">' + x(s.name) + '</option>'; }).join('')"
10470,populateCoverageFilters,agSel,=,escaped,agent,182,"'<option value="""">All agents</option>' +
      (agents || []).map(function(a) { return '<option value=""' + x(a.agentId) + '"">' + x(a.hostname || a.agentId) + '</option>'; }).join('')"
10505,renderCoverageAnalytics,tacBody,=,unescaped_html,,627,"(d.byTactic || []).map(function(t, i) {
      var bg = i % 2 ? 'background:rgba(255,255,255,.02)' : '';
      var mColor = t.missed > 0 ? 'color:var(--danger);font-weight:700' : 'color:var(--muted)';
      return '<tr style=""' + bg + '"">' +
        '<td>' + x(t.tactic) + '</td>' +
        '<td style=""text-align:center;color:var(--success)"">' + t.prevented + '</td>' +
        '<td style=""text-align"
10521,renderCoverageAnalytics,missedBody,=,unescaped_html,user_created_name,770,"missed.map(function(t, i) {
      var bg = i % 2 ? 'background:rgba(255,255,255,.02)' : '';
      var vColor = t.bestVerdict === 'missed' ? 'color:var(--danger)' : 'color:var(--warning)';
      var vDot   = t.bestVerdict === 'missed' ? '● ' : '◐ ';
      return '<tr style=""' + bg + '"">' +
        '<td style=""font-family:var(--font-mono);font-size:0.76rem;' + vColor + '"">' + vDot + x(t.techniqueId)"
10554,renderPrivilegeCoverage,cards,=,unescaped_html,,662,"tiers.map(function(t) {
      var col  = tierColor[t.tier] || 'var(--muted)';
      var lbl  = tierLabel[t.tier] || t.tier;
      var rate = t.attempted > 0 ? t.preventionRate : 0;
      var rateColor = rate >= 75 ? 'var(--success)' : rate >= 40 ? 'var(--warning)' : 'var(--danger)';
      return '<div class=""ca-card"" style=""border-top:2px solid ' + col + '"">' +
        '<div class=""ca-label"" style"
10570,renderPrivilegeCoverage,tierBody,=,unescaped_likely_safe,,1480,"tiers.map(function(t, i) {
      var bg   = i % 2 ? 'background:rgba(255,255,255,.02)' : '';
      var col  = tierColor[t.tier] || 'var(--muted)';
      var lbl  = tierLabel[t.tier] || t.tier;
      var rate = t.attempted > 0 ? t.preventionRate : 0;
      var rateColor = rate >= 75 ? 'color:var(--success)' : rate >= 40 ? 'color:var(--warning)' : 'color:var(--danger)';
      var barW = Math.min(100"
10596,renderPrivilegeCoverage,gapBody,=,static,,102,"'<tr><td colspan=""3"" class=""empty u-success"">✓ All annotated techniques tested at user tier</td></tr>'"
10598,renderPrivilegeCoverage,gapBody,=,unescaped_html,user_created_name,839,"gaps.slice(0, 25).map(function(g, i) {
        var bg = i % 2 ? 'background:rgba(255,255,255,.02)' : '';
        var tierBadges = (g.tiers || []).map(function(t) {
          var c = tierColor[t] || 'var(--muted)';
          return '<span style=""font-size:0.65rem;border:1px solid ' + c + ';color:' + c + ';border-radius:2px;padding:1px 4px;margin-right:2px"">' + (tierLabel[t] || t) + '</span>';
     "
10611,renderPrivilegeCoverage,gapBody,+=,unescaped_likely_safe,,144,"'<tr><td colspan=""3"" style=""text-align:center;color:var(--muted);font-size:0.72rem;padding:4px"">… and ' + (gaps.length - 25) + ' more</td></tr>'"
10633,loadUnifiedTechniques,sel,=,escaped,,170,"'<option value=""all"">All tactics</option>' +
        Object.keys(tacSet).sort().map(function(t) { return '<option value=""' + x(t) + '"">' + x(t) + '</option>'; }).join('')"
10709,cell,if (body) body,=,unescaped_html,,74,"rows || '<tr><td colspan=""9"" class=""empty"">No techniques match.</td></tr>'"
10734,loadCoverage,document.getElementById('cov-matrix'),=,escaped,error_message,68,"'<div class=""empty"" style=""padding:2rem"">' + x(e.message) + '</div>'"
10739,renderCovMatrix,document.getElementById('cov-matrix'),=,unescaped_likely_safe,user_created_name,753,"'<div class=""mx"">' + (window._covTactics || []).map(function(t) {
    var techs = t.techniques || [];
    var cov = techs.filter(function(c) { return st[c.id] === 'cov'; }).length;
    var cells = techs.map(function(c) {
      var s = st[c.id] || 'none', dim = view !== 'all' && view !== s;
      return '<div class=""mx-cell ' + s + '"" onclick=""openTechnique(\'' + x(c.id) + '\')"" style=""' + (dim ? '"
10755,badge,document.getElementById('cov-toolbar'),=,partial_escaped,,223,"seg + '<span class=""u-flex1""></span>' +
    badge('var(--success)', 'Prevented', c.cov) + badge('var(--warning)', 'Detected', c.part) +
    badge('var(--danger)', 'Missed', c.gap) + badge('var(--muted)', 'Untested', c.none)"
10768,openTechnique,document.getElementById('results-export'),=,static_empty,,2,''
10776,list,document.getElementById('results-body'),=,indirect_variable,,4,body
10817,renderSLAKPIs,document.getElementById('sla-rpt-kpis'),=,indirect_builder,,295,"tile('Compliance Rate', rate.text, rate.color) +
    tile('On-Time', overall.onTime, 'var(--success)') +
    tile('Late', overall.late, overall.late ? 'var(--danger)' : 'var(--muted)') +
    tile('Currently Open', overall.currentlyOpen, overall.currentlyOpen ? 'var(--warning)' : 'var(--muted)')"
10831,rank,el,=,static,,83,"'<div class=""empty"" style=""padding:1.25rem"">No severities with SLA episodes.</div>'"
10832,rank,el,=,unescaped_html,,610,"sorted.map(function(s) {
    var rate = slaRateDisplay(s.onTime, s.late, s.complianceRate);
    return '<div class=""bar-row"">' +
      '<div class=""bar-label""><span>' + x(s.severity) + '</span><span style=""color:' + rate.color + '"">' + rate.text + '</span></div>' +
      '<div class=""bar-track""><div class=""bar-fill"" style=""width:' + s.complianceRate + '%;background:' + rate.color + '""></div></div>"
10844,renderSLAMonthlyTrend,body,=,static,,71,"'<tr><td colspan=""4"" class=""empty"">No resolved episodes yet.</td></tr>'"
10845,renderSLAMonthlyTrend,body,=,unescaped_html,,293,"sorted.map(function(m) {
    var rate = slaRateDisplay(m.onTime, m.resolved - m.onTime, m.complianceRate);
    return '<tr><td>' + x(m.month) + '</td><td>' + m.resolved + '</td><td>' + m.onTime + '</td>' +
      '<td style=""color:' + rate.color + '"">' + rate.text + '</td></tr>';
  }).join('')"
10853,renderSLARecentlyResolved,body,=,static,,71,"'<tr><td colspan=""5"" class=""empty"">No resolved episodes yet.</td></tr>'"
10854,renderSLARecentlyResolved,body,=,unescaped_html,agent,530,"recentlyResolved.map(function(r) {
    var outcome = r.onTime
      ? '<span class=""sbadge"" style=""background:transparent;border:1px solid var(--success);color:var(--success)"">On time</span>'
      : '<span class=""sbadge"" style=""background:transparent;border:1px solid var(--danger);color:var(--danger)"">Late</span>';
    return '<tr><td>' + x(r.agentId) + '</td><td>' + x(r.checkId) + '</td><td>' + "
10898,renderFindingsTiles,document.getElementById('findings-tiles'),=,indirect_builder,,357,"tile('Open findings', open, open ? 'var(--danger)' : 'var(--success)') +
    tile('Attack Surface Age', open ? maxAge + ' days' : '0 days', ageCol) +
    tile('Critical', crit, crit ? 'var(--danger)' : 'var(--muted)') +
    tile('Reopened', reopened, reopened ? 'var(--warning)' : 'var(--muted)') +
    tile('Remediated · 30d', remediated, 'var(--success)')"
10908,c,document.getElementById('findings-toolbar'),=,indirect_builder,,181,"covSegHtml(
    [['all', 'All'], ['open', 'Open'], ['triaged', 'Triaged'], ['remediated', 'Remediated'], ['risk_accepted', 'Risk-accepted']],
    FINDING_TAB, 'setFindingTab', c
  )"
10926,renderFindingsRows,tb,=,unescaped_html,,133,"'<tr><td colspan=""' + colCount + '"" class=""empty"">No findings' + (FINDING_TAB === 'all' ? ' yet.' : ' in this state.') + '</td></tr>'"
10927,renderFindingsRows,tb,=,unescaped_html,agent,2749,"l.map(function(f) {
    var checkCell = (_findingsBulkMode && canPush)
      ? '<td onclick=""event.stopPropagation()"" style=""padding:0.2rem 0.5rem""><input type=""checkbox"" ' + (_findingsSelected[f.id] ? 'checked' : '') + ' onchange=""toggleFindingCheck(\'' + x(f.id) + '\')"" class=""u-pointer""></td>'
      : '';
    var isTicketed = _ticketCandidateIds && (f.status === 'open' || f.status === 'triaged'"
10986,list,document.getElementById('results-export'),=,unescaped_text,,90,(actions ? actions + ' ' : '') + pushBtn + (pushBtn && respondBtn ? ' ' : '') + respondBtn
11014,list,document.getElementById('results-body'),=,partial_escaped,"agent,threat_intel,user_created_name",1600,"'<div style=""margin-bottom:0.9rem"">' + findingSevBadge(f.severity, f.exposureState) +
        ' <span class=""sbadge s-' + findingStatusClass(f.status) + '"">' + x((f.status || '').replace('_', ' ')) + '</span></div>' +
      row('Technique', '<span class=""tech-id"">' + x(f.techniqueId) + '</span> ' + x(f.techniqueName)) +
      row('Tactic', x(f.tactic)) + row('Expected control', x(f.controlClass)) "
11050,loadRemediations,document.getElementById('rem-list'),=,escaped,error_message,68,"'<div class=""empty"" style=""padding:2rem"">' + x(e.message) + '</div>'"
11072,tile,document.getElementById('rem-tiles'),=,indirect_builder,,492,"tile('Open remediations', l.length, l.length ? 'var(--warning)' : 'var(--success)', 'rgba(210,153,34,0.12)', REM_SVG.wrench16, 'prioritized fixes') +
    tile('Affected findings', findingsTotal, findingsTotal ? 'var(--danger)' : 'var(--success)', 'rgba(218,54,51,0.12)', REM_SVG.flag, 'closed if all applied') +
    tile('Critical remediations', crit, crit ? 'var(--danger)' : 'var(--muted)', crit ? "
11080,renderRemList,el,=,static,,96,"'<div class=""empty"" style=""padding:2rem"">No open remediations — nothing to fix right now.</div>'"
11081,renderRemList,el,=,unescaped_html,,1466,"l.map(function(r, i) {
    var critCls = r.severity === 'Critical' ? ' crit' : '';
    var ctrls = (r.controlClasses || []).map(x).join(', ') || '—';
    return '<div class=""rem-card"">' +
      '<div class=""rem-ic' + critCls + '"">' + REM_SVG.wrench + '</div>' +
      '<div class=""rem-main"">' +
        '<div class=""rem-top"">' + findingSevBadge(r.severity, '') + ' <span class=""tech-id"">' + x(r.techn"
11108,openRemediation,document.getElementById('results-export'),=,partial_escaped,,296,"(ROLE === 'admin' || ROLE === 'analyst' ? '<button class=""btn btn-outline btn-sm"" onclick=""remSingleTicket(' + i + ')"">&#128279; Create Ticket</button>' : '') +
    '<button class=""btn btn-primary btn-sm"" onclick=""revalidateRemediation(\'' + x(r.techniqueId) + '\')"">&#8635; Re-validate</button>'"
11129,stat,document.getElementById('results-body'),=,partial_escaped,,1114,"'<div style=""display:flex;align-items:center;gap:0.5rem;margin-bottom:0.3rem"">' + findingSevBadge(r.severity, '') + ' <span class=""tech-id"">' + x(r.techniqueId) + '</span></div>' +
    '<div style=""font-weight:600;font-size:0.98rem;color:var(--text);margin-bottom:0.25rem;line-height:1.3"">' + x(r.techniqueName) + '</div>' +
    '<div class=""tiny muted"" style=""margin-bottom:0.6rem"">Closes ' + r.find"
11243,tile,document.getElementById('dash-itsm-tiles'),=,indirect_variable,,4,html
11277,renderConnectorList,el,=,static,,279,"'<div class=""conn-cfg-card"" style=""text-align:center;padding:2rem;color:var(--muted)"">' +
      '<div style=""margin-bottom:0.5rem"">No connectors configured.</div>' +
      '<div class=""tiny"">Add a ServiceNow, Jira, or webhook connector to push findings to your ITSM.</div></div>'"
11282,renderConnectorList,el,=,unescaped_html,user_created_name,2965,"list.map(function(c) {
    var ac = c.autoCreate === 'off' || !c.autoCreate ? 'Manual only' : c.autoCreate.replace('_', '+');

    // Honest connection status — 4 states, not just enabled/disabled
    var statusColor, statusLabel, statusTitle;
    if (!c.enabled) {
      statusColor = 'var(--muted)';
      statusLabel = 'Disabled';
      statusTitle = 'Connector is turned off';
    } else if (c.la"
11400,renderConnectorSettings,document.getElementById('cf-settings'),=,unescaped_html,,1792,"fields.map(function(f) {
    if (f.type === 'checkbox') {
      return '<div style=""margin-bottom:0.6rem"">' +
        '<label style=""display:flex;align-items:center;gap:0.5rem;cursor:pointer"">' +
          '<input type=""checkbox"" id=""cfs-' + f.key + '""' + (s[f.key] === 'yes' ? ' checked' : '') + '>' +
          '<span class=""conn-cfg-label"" style=""margin:0"">' + f.label + '</span>' +
        '</lab"
11453,fetchConnectorProjects,sel,=,unescaped_html,user_created_name,189,"projects.map(function(p) {
        return '<option value=""' + x(p.key) + '""' + (inp.value === p.key ? ' selected' : '') + '>' + x(p.key) + ' — ' + x(p.name) + '</option>';
      }).join('')"
11607,renderResponseConnectorList,el,=,static,,293,"'<div class=""conn-cfg-card"" style=""text-align:center;padding:2rem;color:var(--muted)"">' +
      '<div style=""margin-bottom:0.5rem"">No response connectors configured.</div>' +
      '<div class=""tiny"">Add a CrowdStrike or Defender connector to enable Respond actions from Findings.</div></div>'"
11613,renderResponseConnectorList,el,=,unescaped_html,user_created_name,1402,"list.map(function(c) {
    var statusColor = c.enabled ? 'var(--success)' : 'var(--muted)';
    var statusLabel = c.enabled ? 'Enabled' : 'Disabled';
    var statusDot = '<span style=""display:inline-block;width:7px;height:7px;border-radius:50%;background:' + statusColor + ';margin-right:5px""></span>' + statusLabel;
    return '<div class=""conn-cfg-card"" style=""margin-bottom:0.75rem"">' +
      '<di"
11742,openRespondModal,sel,=,static,,59,"'<option value="""">No enabled connector configured</option>'"
11744,openRespondModal,sel,=,escaped,user_created_name,158,"enabled.map(function(c) {
        return '<option value=""' + x(c.id) + '"" data-provider=""' + x(c.provider) + '"">' + x(c.name) + '</option>';
      }).join('')"
11952,loadFindingTickets,container,=,static,,72,"'<div class=""tiny muted"" style=""padding:0.3rem 0"">No tickets yet.</div>'"
11955,loadFindingTickets,container,=,unescaped_html,,887,"tickets.map(function(t) {
      var statusColor = t.status === 'resolved' ? 'var(--success)' : t.status === 'open' ? 'var(--warning)' : 'var(--muted)';
      var link = t.ticketUrl ? '<a href=""' + x(t.ticketUrl) + '"" target=""_blank"" rel=""noopener"" style=""color:var(--accent);font-size:0.78rem;margin-left:0.4rem"">↗</a>' : '';
      var reval = t.revalidationRequired ? ' <span class=""sbadge"" style=""b"
11964,loadFindingTickets,if (container) container,=,static,,55,"'<div class=""tiny muted"">Failed to load tickets.</div>'"
12096,loadReports,el,=,static,,132,"'<div class=""empty"" style=""padding:1.25rem"">No agents with completed runs yet. Run a scenario, then generate its report here.</div>'"
12100,loadReports,el,=,unescaped_html,,984,"ids.map(function(id) {
      var host = hostOf[id] || id, n = byAgent[id].runs, lastName = byAgent[id].lastName;
      return '<div class=""rep-row"">' +
        '<div class=""rep-ic"">' + d + '</div>' +
        '<div class=""rep-main""><div class=""rep-host"">' + x(host) + '</div>' +
          '<div class=""rep-sub"">Reports on: <strong class=""u-text"">' + x(lastName || 'unnamed scenario') + '</strong> (lat"
12113,loadReports,document.getElementById('rep-available'),=,static,agent,73,"'<div class=""empty"" style=""padding:1.25rem"">Could not load agents.</div>'"
12121,renderRepHistory,tb,=,static,,241,"'<tr><td colspan=""7"" class=""empty"" style=""padding:1.5rem;line-height:1.6"">No reports generated yet — this log fills when you generate one (from a tile above or the per-agent buttons). Test runs don\'t create reports automatically.</td></tr>'"
12125,renderRepHistory,tb,=,unescaped_html,,734,"list.map(function(r) {
      var st = r.status === 'failed' ? 's-failed' : 's-completed';
      return '<tr>' +
        '<td class=""cell-main"">' + x(label[r.reportType] || r.reportType) + '</td>' +
        '<td class=""tiny muted"">' + x(r.scopeLabel) + '</td>' +
        '<td class=""tiny"">' + x((r.format || '—').toUpperCase()) + '</td>' +
        '<td class=""tiny muted"">' + x(r.generatedBy || '—') +"
12167,openReportGen,document.getElementById('rep-agent'),=,escaped,agent,143,"agents.map(function(a) {
    return '<option value=""' + x(a.agentId) + '"">' + x(a.agentId) + ' — ' + x(a.hostname) + '</option>';
  }).join('')"
12171,openReportGen,document.getElementById('rep-format'),=,unescaped_html,,211,"fmts.map(function(f) {
    var lbl = f ? f.toUpperCase() : 'Package';
    if (type === 'posture' && f === 'csv') lbl = 'CSV (forensic)';
    return '<option value=""' + f + '"">' + lbl + '</option>';
  }).join('')"
12180,openReportGen,document.getElementById('rep-fw'),=,escaped,user_created_name,132,"(fws || []).map(function(f) {
        return '<option value=""' + x(f.id) + '"">' + x(f.name || f.id) + '</option>';
      }).join('')"
12491,loadRuns,tbody,=,static,,87,"'<tr><td colspan=""9"" class=""empty"">No runs yet. Go to Scenarios and run one.</td></tr>'"
12508,byStartedAtDesc,tbody,=,unescaped_text,,69,individualRuns.slice().sort(byStartedAtDesc).map(runRowHtml).join('')
12544,byStartedAtDesc,tbody,=,indirect_builder,,55,allEntries.map(function(e) { return e.html; }).join('')
12555,openModal,scSel,=,unescaped_likely_safe,"scenario,user_created_name",302,"scenarios.map(function(s) {
    var desc = s.description ? ' — ' + (s.description.length > 90 ? s.description.substring(0, 87) + '...' : s.description) : '';
    return '<option value=""' + x(s.id) + '""' + (s.id === scenarioId ? ' selected' : '') + '>' + x(s.name) + x(desc) + '</option>';
  }).join('')"
12566,openModal,document.getElementById('modal-agent'),=,unescaped_html,agent,451,"agents.map(function(a) {
    var osLabel = '';
    if (a.osVersion) {
      var ov = a.osVersion.toLowerCase();
      osLabel = ov.indexOf('windows') !== -1 ? ' [Win]' : ov.indexOf('darwin') !== -1 || ov.indexOf('macos') !== -1 ? ' [macOS]' : ' [Linux]';
    }
    return '<option value=""' + x(a.agentId) + '""' + (a.agentId === preAgent ? ' selected' : '') + '>' +
           x(a.agentId) + ' — ' + x"
12628,renderRunMode,btn,=,static,,28,'&#9888; No Eligible Agents'
12668,renderRunMode,warn,=,indirect_variable,,13,osMismatchMsg
12672,renderRunMode,btn,=,static,,13,'&#9654; Run'
12686,renderRunMode,warn,=,unescaped_html,agent,79,osMismatchMsg + ' <strong>Cannot run ' + mode + ' mode on this agent.</strong>'
12688,renderRunMode,btn,=,static,,21,'&#9888; OS Mismatch'
12700,renderRunMode,warn,=,indirect_variable,,8,warnText
12701,renderRunMode,btn,=,static,,23,'&#9654; Run Telemetry'
12707,renderRunMode,warn,=,static,,232,"'&#9888; <strong>LAB MODE — full-fidelity emulation.</strong> Runs LSASS memory dump and allowlisted password spray. <strong>Isolated AD range only, never production.</strong> Triggers EDR by design; requires a second confirmation.'"
12708,renderRunMode,btn,=,static,,17,'&#9654; Run LAB'
12715,renderRunMode,warn,=,indirect_variable,,13,osMismatchMsg
12719,renderRunMode,btn,=,static,,13,'&#9654; Run'
12770,renderAdditionalAgents,list,=,unescaped_html,agent,482,"eligible.map(function(a) {
    return '<label style=""display:flex;align-items:center;gap:0.5rem;padding:0.25rem 0.3rem;cursor:pointer"">' +
      '<input type=""checkbox"" ' + (_addlSel[a.agentId] ? 'checked' : '') +
      ' onchange=""_addlSel[\'' + x(a.agentId) + '\']=this.checked;renderAdditionalAgentsCount()"">' +
      '<code style=""font-size:0.72rem"">' + x(a.agentId) + '</code><span class=""tiny m"
13023,row,document.getElementById('wz-review'),=,indirect_variable,,4,html
13189,openPickerWith,tacticSel,=,unescaped_html,,55,"'<option value=""all"">All tactics</option>' + tacticOpts"
13346,renderPickerList,document.getElementById('picker-list'),=,unescaped_html,,63,"rows || '<p class=""empty"" style=""padding:1rem"">No matches.</p>'"
13399,updatePickerCount,btn,=,unescaped_text,,35,'&#9654; Use selection (' + n + ')'
13451,renderModalSelection,link,=,static,,59,'&#128269; Detailed view — every atomic test that will run'
13470,renderModalSelection,link,=,static,,49,'&#9881; Customize — select a target agent first'
13474,renderModalSelection,link,=,unescaped_text,,76,"'&#128274; Locked — re-validating ' + _runSelection.ids.join(', ') + ' only'"
13480,renderModalSelection,link,=,unescaped_text,,82,'&#9881; ' + (has ? 'Change selection' : 'Customize — select ' + noun + ' to run')
13484,renderModalSelection,note,=,unescaped_html,,289,"'&#9989; Running a selected subset: <strong>' + _runSelection.ids.length + '</strong> ' + noun +
      (_runSelection.locked ? ' (targeted re-validate)' :
       ' <a href=""javascript:void(0)"" class=""desc-toggle"" style=""margin-left:8px"" onclick=""clearSelection();return false;"">Clear</a>')"
13500,renderModalSelection,note,=,static,,53,"'<span class=""u-muted"">Loading check catalog…</span>'"
13530,renderModalSelection,note,=,static,,53,"'<span class=""u-muted"">Loading check catalog…</span>'"
13533,renderModalSelection,note,=,indirect_variable,,6,cached
13601,doOpen,tacticSel,=,escaped,,191,"'<option value=""all"">All tactics</option>' +
        Object.keys(tacticSet).sort().map(function(t) {
          return '<option value=""' + x(t) + '"">' + x(t) + '</option>';
        }).join('')"
13654,fillBuilder,steps,=,static_empty,,2,''
13824,techRenderSelected,box,=,partial_escaped,,347,"'<div><span class=""st-tech-sel-id"">' + x(id) + '</span>' +
        '<span class=""tiny muted"" style=""margin-left:0.4rem"">' +
        (techniqueCatalog === null ? 'resolving…' : 'not recognized') + '</span></div>' +
      '<span class=""st-tech-sel-actions""><a href=""javascript:void(0)"" onclick=""techChangeSelection(this)"">&#10005; change</a></span>'"
13834,techRenderSelected,box,=,partial_escaped,user_created_name,656,"'<div><span class=""st-tech-sel-id"">' + x(t.id) + '</span> <span class=""st-tech-sel-name"">' + x(t.name) + '</span>' +
      (tactics ? '<div class=""st-tech-row-meta"">' + x(tactics) + '</div>' : '') +
      (subText ? '<div class=""st-tech-row-meta"">' + x(subText) + '</div>' : '') +
    '</div>' +
    '<span class=""st-tech-sel-actions"">' +
      (t.url ? '<a href=""' + x(t.url) + '"" target=""_blank"" re"
13874,techOnInput,panel,=,static_empty,,2,''
13884,techRenderResults,panel,=,static,,97,"'<div class=""st-tech-row"" style=""cursor:default;color:var(--muted)"">No matching technique.</div>'"
13888,techRenderResults,panel,=,unescaped_html,user_created_name,576,"results.map(function(t, i) {
    var tactics = (t.tactics || []).join(', ');
    var platforms = (t.platforms || []).join(', ');
    return '<div class=""st-tech-row' + (i === 0 ? ' active' : '') + '"" data-id=""' + x(t.id) + '"" onmousedown=""techSelectRow(this)"">' +
      '<span class=""st-tech-row-id"">' + x(t.id) + '</span><span class=""st-tech-row-name"">' + x(t.name) + '</span>' +
      (tactics ? '<"
13905,techSelectRow,panel,=,static_empty,,2,''
13929,techOnKeydown,panel,=,static_empty,,2,''
13940,techOnBlur,panel,=,static_empty,,2,''
13960,addStep,div,=,partial_escaped,user_created_name,1547,"'<div class=""bld-step-hdr""><span class=""bld-step-num"">Step</span>' +
      '<span class=""bld-actions"">' +
        '<button type=""button"" onclick=""moveStep(this,-1)"" title=""Move up"">&#9650;</button>' +
        '<button type=""button"" onclick=""moveStep(this,1)"" title=""Move down"">&#9660;</button>' +
        '<button type=""button"" onclick=""removeStep(this)"" title=""Remove"">&#10005;</button>' +
      '</"
14217,viewRunResults,document.getElementById('results-summary'),=,escaped,agent,248,"'<span style=""color:var(--danger);font-weight:600"">Run failed to start</span>' +
      ' &nbsp;&middot;&nbsp; ' + x(run.failReason || 'No reason recorded for this failure.') +
      ' &nbsp;&middot;&nbsp; Agent: <code>' + x(run.agentId) + '</code>'"
14222,viewRunResults,document.getElementById('results-summary'),=,partial_escaped,agent,458,"'<span style=""color:var(--danger);font-weight:600"">' + fail + ' fail</span>' +
      ' &nbsp;/&nbsp; <span style=""color:var(--success);font-weight:600"">' + pass + ' pass</span>' +
      (skipped ? ' &nbsp;/&nbsp; <span class=""u-muted"">' + skipped + ' skipped</span>' : '') +
      ' &nbsp;&middot;&nbsp; ' + results.length + ' total &nbsp;&middot;&nbsp; Agent: <code>' + x(run.agentId) + '</code>' +
"
14234,viewRunResults,document.getElementById('results-export'),=,static_empty,,2,''
14240,viewRunResults,document.getElementById('results-title'),=,partial_escaped,user_created_name,265,"x(run.name) + ' — Results ' +
    '<span class=""sbadge"" style=""background:' + runStatusColor + '22;color:' + runStatusColor + ';border:1px solid ' + runStatusColor + '44;font-size:0.65rem;margin-left:0.4rem;vertical-align:middle"">' + x(run.status || '') + '</span>'"
14262,viewRunResults,document.getElementById('results-header-actions'),=,indirect_variable,,11,actionsHtml
14312,kpiGaugeCard,document.getElementById('run-kpi-strip'),=,partial_escaped,,1001,"'<div class=""kpi-row"" style=""grid-template-columns:repeat(6,1fr)"">' +
          '<div class=""kpi-card""><div class=""kpi-label"">Overall Security Score</div><div class=""kpi-value"">' + prevPct + '<span style=""font-size:0.9rem;color:var(--muted)"">/100</span></div><div class=""kpi-sub"">' + (deltaHtml || '—') + '</div></div>' +
          kpiGaugeCard('Detection Rate', detRate, pass + ' / ' + results.lengt"
14654,soonPanel,document.getElementById('run-tab-content'),=,unescaped_html,threat_intel,2210,"'<div id=""run-tab-overview"" class=""run-tab-panel"">' +
      '<div class=""run-tab-grid"">' +
        '<div>' + scorePanel + '</div>' +
        '<div id=""run-report-extra""></div>' +
      '</div>' +
    '</div>' +
    '<div id=""run-tab-findings"" class=""run-tab-panel"" style=""display:none"">' +
      '<div id=""run-report-findings""><div style=""color:var(--muted);font-size:0.72rem;padding:1.5rem 0;text-al"
14691,soonPanel,document.getElementById('run-tabbar'),=,unescaped_html,,214,"RUN_TABS.map(function(t, i) {
    return '<button class=""run-tab-btn' + (i === 0 ? ' active' : '') + '"" id=""run-tabbtn-' + t[0] + '"" onclick=""switchRunTab(\'' + t[0] + '\')"">' + x(t[1]) + '</button>';
  }).join('')"
14705,soonPanel,reportsEl,=,partial_escaped,agent,1241,"'<div class=""dash-panel u-mb-1""><div class=""dash-panel-hdr"">Run Metadata</div><div class=""dash-panel-body"">' +
          '<div style=""display:grid;grid-template-columns:repeat(auto-fit,minmax(160px,1fr));gap:0.75rem;font-size:0.78rem"">' +
            '<div><div class=""kpi-label"">Run ID</div><div>' + x(runId) + '</div></div>' +
            '<div><div class=""kpi-label"">Agent</div><div>' + x(run.agen"
14720,soonPanel,reportsEl,=,static,,126,"'<div style=""color:var(--muted);font-size:0.8rem;padding:1rem 0"">No exportable output yet — this run hasn\'t completed.</div>'"
14730,soonPanel,extraEl,=,static,,89,"'<div style=""color:var(--muted);font-size:0.72rem;padding:0.4rem 0"">Loading&#8230;</div>'"
14734,soonPanel,extraEl,=,indirect_builder,,25,renderRunReportExtra(rep)
14736,soonPanel,if (findingsEl) findingsEl,=,indirect_builder,,22,renderRunFindings(rep)
14738,soonPanel,if (recEl) recEl,=,indirect_builder,,29,renderRunRecommendations(rep)
14742,soonPanel,extraEl,=,static_empty,,2,''
14744,soonPanel,if (findingsEl) findingsEl,=,static,,113,"'<div style=""color:var(--muted);font-size:0.8rem;padding:2.5rem 0;text-align:center"">Findings unavailable.</div>'"
14746,soonPanel,if (recEl) recEl,=,static,,120,"'<div style=""color:var(--muted);font-size:0.8rem;padding:2.5rem 0;text-align:center"">Recommendations unavailable.</div>'"
14752,soonPanel,if (el) el,=,indirect_builder,,50,"renderAttackFlow(af.nodes || [], af.summary || {})"
14755,soonPanel,if (el) el,=,static,,117,"'<div style=""color:var(--muted);font-size:0.72rem;padding:1.5rem 0;text-align:center"">Attack flow unavailable.</div>'"
14761,soonPanel,if (el) el,=,indirect_builder,,26,renderVariantCoverage(cov)
14764,soonPanel,if (el) el,=,static,,122,"'<div style=""color:var(--muted);font-size:0.72rem;padding:1.5rem 0;text-align:center"">Variant coverage unavailable.</div>'"
14782,soonPanel,if (el) el,=,static,,115,"'<div style=""color:var(--muted);font-size:0.8rem;padding:2.5rem 0;text-align:center"">Indicators unavailable.</div>'"
14790,soonPanel,if (findingsElEarly) findingsElEarly,=,indirect_variable,,8,notReady
14792,soonPanel,if (recElEarly) recElEarly,=,indirect_variable,,8,notReady
14794,soonPanel,if (iocElEarly) iocElEarly,=,indirect_variable,,8,notReady
14892,renderDetectionValidationTab,el,=,unescaped_html,,2060,"'<div style=""padding:1rem 0 0.5rem"">' +
      '<div style=""display:flex;gap:1.5rem;margin-bottom:0.75rem;flex-wrap:wrap"">' +
        '<div class=""u-center"">' +
          '<div style=""font-size:1.7rem;font-weight:700;color:' + covColor + '"">' + coverage + '%</div>' +
          '<div style=""font-size:0.68rem;color:var(--muted);text-transform:uppercase;letter-spacing:.06em"">Detection Coverage</div>' "
14946,loadSIEMCorrelationPanel,el,=,partial_escaped,,2080,"'<div style=""padding:1rem 0 0.5rem"">' +
        '<div style=""display:flex;gap:1.5rem;margin-bottom:1rem;flex-wrap:wrap"">' +
          '<div class=""u-center"">' +
            '<div style=""font-size:1.7rem;font-weight:700;color:' + color + '"">' + detRate + '%</div>' +
            '<div style=""font-size:0.68rem;color:var(--muted);text-transform:uppercase;letter-spacing:.06em"">SIEM Detection Rate</div>"
15670,renderRunIOCToolbar,el,=,partial_escaped,,440,"covSegHtml(types, _runIOCTypeFilter, 'setRunIOCTypeFilter', function(k) { return counts[k] || 0; }) +
    '<input type=""text"" id=""run-ioc-search"" placeholder=""Search indicators…"" value=""' + x(_runIOCSearch) + '"" oninput=""setRunIOCSearch(this.value)"" style=""padding:0.35rem 0.6rem;background:var(--elevated);border:1px solid var(--border);border-radius:var(--radius);color:var(--text);font-size:0.78re"
15712,renderRunIOCList,el,=,unescaped_likely_safe,,206,"'<div style=""color:var(--muted);font-size:0.8rem;padding:2.5rem 0;text-align:center"">' +
      (_runIOCsAll.length ? 'No indicators match this filter.' : 'No indicators extracted from this run.') + '</div>'"
15717,renderRunIOCList,el,=,unescaped_likely_safe,,2819,"list.map(function(ind, idx) {
    var expanded = _runIOCExpandedIdx === idx;
    var techs = (ind.techniqueIds || []).map(function(t) {
      return '<code style=""font-size:0.66rem;color:var(--muted);margin-right:3px"">' + x(t) + '</code>';
    }).join('');
    var tags = (ind.tags || []).map(function(t) {
      return '<span class=""tiny"" style=""background:var(--elevated);border:1px solid var(--bor"
15811,openRerunReview,document.getElementById('rerun-review-body'),=,unescaped_html,,177,"rows.map(function(r) {
    return '<div class=""conn-cfg-row""><span class=""conn-cfg-label"">' + r[0] + '</span><span class=""conn-cfg-val"">' + r[1] + '</span></div>';
  }).join('')"
15858,startRerunFromReview,btn,=,static,,22,'&#9654; Start Re-run'
15865,startRerunFromReview,btn,=,static,,22,'&#9654; Start Re-run'
15905,openCampaignRerunReview,document.getElementById('rerun-review-body'),=,unescaped_html,,177,"rows.map(function(r) {
    return '<div class=""conn-cfg-row""><span class=""conn-cfg-label"">' + r[0] + '</span><span class=""conn-cfg-val"">' + r[1] + '</span></div>';
  }).join('')"
15938,startCampaignRerunFromReview,btn,=,static,,22,'&#9654; Start Re-run'
15945,startCampaignRerunFromReview,btn,=,static,,22,'&#9654; Start Re-run'
15964,loadIOCRegistry,if (el) el,=,static_empty,,2,''
15982,loadIOCRegistry,tbody,=,static,,54,"'<tr><td colspan=""9"" class=""empty"">Loading…</td></tr>'"
15991,loadIOCRegistry,tbody,=,escaped,error_message,101,"'<tr><td colspan=""9"" class=""empty"">Failed to load: ' + x(e.message || 'unknown error') + '</td></tr>'"
16012,tile,el,=,indirect_builder,api_response,272,"tile('Most Detected', result.mostDetected, ' detections') +
    tile('Highest Bypass Rate', result.highestBypassRate, ' bypasses') +
    tile('Frequently Reused', result.frequentlyReused, ' sightings') +
    tile('Longest Surviving', result.longestSurviving, ' sightings')"
16022,renderIOCRegistryTable,tbody,=,static,,78,"'<tr><td colspan=""9"" class=""empty"">No indicators match this filter.</td></tr>'"
16025,renderIOCRegistryTable,tbody,=,unescaped_html,,1425,"_iocRegistryRows.map(function(row, idx) {
    var suppressedBadge = row.suppressed ? ' <span class=""sbadge"" style=""background:rgba(154,169,188,.12);color:var(--muted)"" title=""' + x(row.suppressionReason || '') + '"">suppressed</span>' : '';
    return '<tr class=""u-pointer"" onclick=""openIOCDetail(' + idx + ')"">' +
      '<td><span class=""tiny"" style=""background:var(--elevated);border:1px solid var("
16073,openIOCDetail,document.getElementById('results-export'),=,static_empty,,2,''
16087,rowHtml,document.getElementById('results-body'),=,indirect_variable,,4,body
16106,rowHtml,el,=,unescaped_html,,70,"sections || '<div class=""tiny muted"">No relationships recorded.</div>'"
16109,rowHtml,if (el) el,=,static,,58,"'<div class=""tiny muted"">Relationships unavailable.</div>'"
16209,render,document.getElementById('run-live-progress'),=,partial_escaped,,594,"'<div style=""display:flex;gap:0.55rem;margin-bottom:0.6rem"">' +
        statCell(state.done + '/' + state.total, 'completed', 'var(--accent)') +
        statCell(state.failed, 'failed', state.failed ? 'var(--danger)' : 'var(--muted)') +
        statCell(state.running, 'running', state.running ? 'var(--accent)' : 'var(--muted)') +
      '</div>' +
      '<div style=""height:4px;background:var(--elev"
16221,render,ul,=,static,,100,"'<li style=""color:var(--muted);font-size:0.78rem;padding:0.4rem 0"">Waiting for the first step…</li>'"
16314,render,ul,=,unescaped_text,,13,rows.join('')
16421,openSweepDrilldown,document.getElementById('sweep-drilldown-actions'),=,static_empty,,2,''
16422,openSweepDrilldown,document.getElementById('sweep-drilldown-list'),=,static_empty,,2,''
16429,openSweepDrilldown,document.getElementById('sweep-drilldown-actions'),=,partial_escaped,,394,"'<button class=""btn btn-outline btn-sm"" onclick=""window.open(\'/api/vex/sweeps/' + encodeURIComponent(sweepId) + '/report\',\'_blank\')"" title=""Open the combined sweep report"">&#8599; HTML Report</button> ' +
      '<button class=""btn btn-outline btn-sm"" onclick=""downloadSweepReport(\'' + x(sweepId) + '\')"" title=""Download the combined sweep report as a PDF file"">&#8595; PDF Report</button>'"
16432,openSweepDrilldown,document.getElementById('sweep-drilldown-list'),=,unescaped_html,user_created_name,1920,"childRuns.map(function(r) {
      var badge = verdictBadge(r, r.status);
      var liveBtn = (r.id && r.status === 'running')
        ? '<button class=""btn btn-outline btn-sm"" onclick=""openRunPanel(\'' + x(r.id) + '\',\'' + x(r.name).replace(/'/g,'&#39;') + '\',' + ((r.progress && r.progress.stepsTotal) || 0) + ',\'' + x(r.mode||'') + '\',\'' + x(r.maxPrivilege||'') + '\')"">&#9673; Live</button> '"
16772,fmt,document.getElementById('evidence-content'),=,indirect_variable,,4,html
17076,confirmRun,runBtn,=,unescaped_likely_safe,agent,48,'Dispatching to ' + agentIds.length + ' agents…'
17095,confirmRun,runBtn,=,static,,13,'&#9654; Run'
17287,cmdkResultFallback,document.getElementById('results-export'),=,static_empty,,2,''
17288,cmdkResultFallback,document.getElementById('results-summary'),=,static_empty,,2,''
17289,cmdkResultFallback,document.getElementById('results-body'),=,unescaped_html,user_created_name,352,"(r.description ? '<p style=""margin-bottom:0.8rem"">' + x(r.description) + '</p>' : '') +
    ((r.tags || []).length ? '<div style=""display:flex;gap:0.4rem;flex-wrap:wrap"">' +
      r.tags.map(function(t) { return '<span class=""sbadge"" style=""background:transparent;border:1px solid var(--border)"">' + x(t) + '</span>'; }).join('') +
      '</div>' : '')"
17319,openCmdk,wrap,=,static,,629,"'<div class=""cmdk"" role=""dialog"" aria-label=""Command palette"">' +
      '<div class=""cmdk-in"">' +
        '<svg width=""16"" height=""16"" viewBox=""0 0 24 24"" fill=""none"" stroke=""currentColor"" stroke-width=""2""><circle cx=""11"" cy=""11"" r=""7""/><path d=""M21 21l-4-4""/></svg>' +
        '<input id=""cmdk-input"" placeholder=""Type a command or search…"" autocomplete=""off"">' +
        '<span class=""cmdk-esc"">esc"
17426,render,list,=,static,,42,"'<div class=""cmdk-empty"">No matches</div>'"
17427,render,list,=,unescaped_html,,537,"flat.map(function(f, i) {
      if (f.sec) return '<div class=""cmdk-sec"">' + x(f.sec) + '</div>';
      // f.docType is only set for search-result/recents rows (Phase 3) --
      // static Navigate/Actions rows never get the star affordance.
      var star = f.docType
        ? '<span data-fav-ci=""' + i + '"" style=""cursor:pointer;margin-right:0.5rem;color:' + (f.fav ? 'var(--warning)' : 'var(--mut"
17485,loadUsers,tbody,=,static,,61,"'<tr><td colspan=""6"" class=""empty"">No users found.</td></tr>'"
17486,loadUsers,tbody,=,unescaped_html,"api_response,user_created_name",1308,"data.map(function(u) {
      var statusBadge = u.isActive ? '<span class=""sbadge s-completed"">Active</span>' : '<span class=""sbadge s-offline"">Disabled</span>';
      var mustPw = u.mustChangePw ? ' <span class=""tag u-warning"">pw reset</span>' : '';
      var actions =
        '<button class=""btn btn-outline btn-sm"" onclick=""openEditUser(\'' + x(u.id) + '\',\'' + x(u.username) + '\',\'' + x(u.role"
17727,aggOf,if (trend === 'Improving')      tEl,=,static,,34,"'<span class=""trend up"">▲</span> '"
17728,aggOf,else if (trend === 'Degrading') tEl,=,static,,36,"'<span class=""trend down"">▼</span> '"
17729,aggOf,else                            tEl,=,static,,36,"'<span class=""trend flat"">—</span> '"
17731,aggOf,document.getElementById('kpi-score-spark'),=,indirect_builder,,44,"sparkSVG(prevSeries, 110, 30, 'var(--teal)')"
17734,aggOf,document.getElementById('dash-gauge'),=,partial_escaped,,164,"gaugeSVG(prevPct, 124, 14) +
        '<div class=""ring-c""><span class=""rv"" style=""color:' + prevCol + '"">' + prevPct + '</span><span class=""rl"">of 100</span></div>'"
17744,aggOf,document.getElementById('dash-posture-bars'),=,indirect_builder,,26,"miniBars(barData, 320, 64)"
17772,aggOf,document.getElementById('kpi-cov-spark'),=,indirect_builder,,46,"sparkSVG(covSeries, 110, 30, 'var(--warning)')"
17792,aggOf,donutEl,=,static,,43,"'<div class=""empty"">No run data yet.</div>'"
17803,lg,donutEl,=,partial_escaped,,1443,"'<div style=""position:relative;flex-shrink:0"">' +
          donutSVG([
            { v: eff.prevented, color: 'var(--teal)' },
            { v: eff.detected, color: 'var(--warning)' },
            { v: eff.missed, color: 'var(--danger)' },
            { v: eff.other, color: 'var(--elevated)' }
          ]) +
          '<div style=""position:absolute;inset:0;display:flex;flex-direction:column;align-"
17833,lg,afEl,=,static,,88,"'<div class=""empty"" style=""padding:1.5rem"">No kill-chain data for the latest run.</div>'"
17834,lg,afEl,=,indirect_builder,,57,"'<div class=""killchain"">' + killChainNodes(kc) + '</div>'"
17837,lg,afEl,=,static,,74,"'<div class=""empty"" style=""padding:1.5rem"">Attack flow unavailable.</div>'"
17844,lg,rrEl,=,static,,62,"'<div class=""empty"" style=""padding:1.5rem"">No runs yet.</div>'"
17846,lg,rrEl,=,unescaped_likely_safe,user_created_name,1451,"recent.map(function(r) {
        var cnt = (r.results || []).length;
        var fail = (r.results || []).filter(function(c) { return c.result === 'fail'; }).length;
        var scoreStr = '—';
        var scol = 'var(--text-dim)';
        if (r.score && r.score.preventionScore != null) {
          var pp = Math.round(r.score.preventionScore);
          var ta = r.score.trend === 'Improving' ? ' ↑"
17889,lg,tfEl,=,static,,71,"'<div class=""empty"" style=""padding:1.5rem"">No failures recorded.</div>'"
17892,lg,tfEl,=,unescaped_likely_safe,user_created_name,517,"topFails.map(function(t) {
        var pct = Math.round((t.fail / (t.fail + t.pass)) * 100);
        var w = Math.round((t.fail / maxFail) * 100);
        return '<div class=""bar-row"">' +
          '<div class=""bar-label""><span style=""color:var(--text-dim)"">' + x(t.name) + '</span><span>' + t.fail + ' fail &middot; ' + pct + '%</span></div>' +
          '<div class=""bar-track""><div class=""bar-fill"
17915,lg,attckEl,=,static,,83,"'<div class=""empty"" style=""padding:1.5rem;grid-column:1/-1"">No run data yet.</div>'"
17917,lg,attckEl,=,unescaped_likely_safe,,706,"tactics.map(function(tactic) {
        var d = tacticMap[tactic];
        var total = d.pass + d.fail;
        var pct = total ? Math.round((d.pass / total) * 100) : 0;
        var col = _riskScoreColor(pct);
        return '<div class=""bar-row"">' +
          '<div class=""bar-label""><span style=""text-transform:capitalize"">' + x(tactic) + '</span><span style=""color:' + col + '"">' + pct + '%</span><"
17967,lg,bodyEl,=,unescaped_html,agent,623,"top.length ? top.map(function(f) {
            return '<div class=""lrow u-pointer"" onclick=""showTab(\'findings\');setTimeout(function(){openFinding(\'' + x(f.id) + '\')},150)"">' +
              '<div class=""lmain""><div class=""lt"">' + x(f.techniqueName || f.techniqueId) + '</div>' +
              '<div class=""ls""><span class=""tech-id"">' + x(f.techniqueId) + '</span> · ' + x(f.controlClass) + ' · ' "
17999,loadComplianceScores,el,=,static,,134,"'<div style=""color:var(--muted);font-size:0.78rem;padding:0.4rem 0"">No compliance data yet — run a scenario to generate scores.</div>'"
18002,loadComplianceScores,el,=,unescaped_text,,35,scores.map(complianceTile).join('')
18126,refreshDashboardCampaigns,el,=,static,,71,"'<div class=""empty"" style=""padding:1.5rem"">No campaigns running.</div>'"
18127,refreshDashboardCampaigns,el,=,unescaped_html,user_created_name,956,"liveList.map(function(c) {
      var s = c.summary || {};
      var cds = campaignDisplayStatus(s);
      return '<div class=""lrow u-pointer"" onclick=""openCampaignDetail(\'' + x(c.id) + '\')"">' +
        '<div class=""lic"" style=""color:var(--accent);background:rgba(47,129,247,0.1)""><svg width=""16"" height=""16"" viewBox=""0 0 16 16"" fill=""none"" stroke=""currentColor"" stroke-width=""1.4""><path d=""M1 8h3l2"
18192,loadCalderaStatus,document.getElementById('cs-caldera-status'),=,indirect_variable,,3,dot
18218,loadCalderaStatus,document.getElementById('cs-caldera-status'),=,static,,53,"'<span class=""u-danger"">Error checking status</span>'"
18260,openConfirmDiffModal,document.getElementById('confirm-diff-body'),=,indirect_variable,,8,diffHtml
18299,loadThreatIntelConfig,if (panel) panel,=,static_empty,,2,''
18308,loadThreatIntelConfig,panel,=,unescaped_html,,1002,"'<div class=""kpi-row"">' +
        urlField +
        '<input id=""ti-' + name + '-key"" type=""password"" placeholder=""API key (leave blank to keep current)"" class=""inp-sm u-flex1"">' +
        insecureField +
        '<label class=""tiny muted"" style=""display:flex;align-items:center;gap:0.3rem""><input type=""checkbox"" id=""ti-' + name + '-enabled"" ' + (cfg.enabled ? 'checked' : '') + '> Enabled</label>' "
18414,loadTAXIIConnectors,tbody,=,static,,54,"'<tr><td colspan=""6"" class=""empty"">Loading…</td></tr>'"
18419,loadTAXIIConnectors,tbody,=,escaped,error_message,101,"'<tr><td colspan=""6"" class=""empty"">Failed to load: ' + x(e.message || 'unknown error') + '</td></tr>'"
18426,renderTAXIIConnectorsList,tbody,=,static,,81,"'<tr><td colspan=""6"" class=""empty"">No TAXII connectors configured yet.</td></tr>'"
18429,renderTAXIIConnectorsList,tbody,=,unescaped_html,user_created_name,1439,"TAXII_CONNECTORS.map(function(c) {
    var lastPoll = c.lastPollAt ? ago(c.lastPollAt) : 'Never';
    var resultColor = c.lastPollStatus === 'ok' ? 'var(--success)' : (c.lastPollStatus === 'error' ? 'var(--danger)' : 'var(--muted)');
    var summary = c.lastPollSummary || {};
    var resultText = c.lastPollStatus === 'ok'
      ? (summary.processed || 0) + ' processed, ' + (summary.skipped || 0) +"
18605,loadARTContentStatus,statusEl,=,static,,185,"'<span style=""display:inline-block;width:8px;height:8px;border-radius:50%;background:var(--success);margin-right:6px;vertical-align:middle""></span><span class=""u-success"">Seeded</span>'"
18607,loadARTContentStatus,statusEl,=,static,,189,"'<span style=""display:inline-block;width:8px;height:8px;border-radius:50%;background:var(--warning);margin-right:6px;vertical-align:middle""></span><span class=""u-warning"">Not seeded</span>'"
18647,loadARTContentStatus,document.getElementById('cs-art-status'),=,static,,53,"'<span class=""u-danger"">Error checking status</span>'"
18660,toggleSimCoverage,if (car) car,=,static,,36,SIM_COV_OPEN ? '&#9660;' : '&#9654;'
18773,loadSimCoverage,bodyEl,=,unescaped_html,,2162,"rows.map(function(r, i) {
        var bg = i % 2 === 0 ? '' : 'background:rgba(255,255,255,.02)';
        var isVariantRow = r[0].indexOf('Variant Engine') !== -1;
        var isSection = !!sectionKeys[r[0]];
        var textStyle = isVariantRow ? 'font-weight:700;color:var(--accent)'
                      : isSection    ? 'font-weight:700;color:var(--text)'
                      :                "
18862,loadLicenseInfo,wrap,=,static,,56,"'<div class=""empty"" style=""padding:2rem"">Loading…</div>'"
18864,loadLicenseInfo,wrap,=,escaped,,88,"'<div class=""empty"" style=""padding:2rem;color:var(--danger)"">' + x(lic.error) + '</div>'"
18870,loadLicenseInfo,wrap,=,partial_escaped,,1340,"'<div class=""conn-cfg-card"" style=""max-width:540px"">' +
        '<div style=""display:flex;align-items:center;justify-content:space-between;margin-bottom:1rem"">' +
          '<div style=""font-size:0.72rem;font-weight:700;text-transform:uppercase;letter-spacing:.07em;color:var(--muted)"">Entitlement</div>' +
          '<span class=""sbadge"" style=""background:' + statusColor + '22;color:' + statusColor"
18883,loadLicenseInfo,wrap,=,escaped,error_message,88,"'<div class=""empty"" style=""padding:2rem;color:var(--danger)"">' + x(e.message) + '</div>'"
18907,loadBackups,if (wrap) wrap,=,escaped,,89,"'<div class=""empty"" style=""padding:2rem;color:var(--danger)"">' + x(jobs.error) + '</div>'"
18913,loadBackups,if (wrap) wrap,=,escaped,error_message,88,"'<div class=""empty"" style=""padding:2rem;color:var(--danger)"">' + x(e.message) + '</div>'"
18921,renderBackupStatusCard,wrap,=,static,,132,"'<div class=""conn-cfg-card""><div class=""empty"" style=""padding:1rem 0"">No backups yet. Click ""Backup Now"" to create one.</div></div>'"
18927,renderBackupStatusCard,wrap,=,partial_escaped,,1470,"'<div class=""conn-cfg-card"">' +
      '<div style=""display:flex;align-items:center;justify-content:space-between;margin-bottom:0.6rem"">' +
        '<div style=""font-size:0.72rem;font-weight:700;text-transform:uppercase;letter-spacing:.07em;color:var(--muted)"">Most recent backup</div>' +
        '<span class=""sbadge"" style=""background:' + color + '22;color:' + color + ';border:1px solid ' + color +"
18946,renderBackupJobsTable,tbody,=,static,,107,"'<tr><td colspan=""6"" style=""text-align:center;color:var(--muted);padding:1.5rem"">No backups yet.</td></tr>'"
18949,renderBackupJobsTable,tbody,=,unescaped_html,,1058,"jobs.map(function(j) {
    var color = BACKUP_STATUS_COLOR[j.status] || 'var(--muted)';
    var label = BACKUP_STATUS_LABEL[j.status] || j.status;
    var canRestore = (j.status === 'protected' || j.status === 'local_success');
    return '<tr style=""border-bottom:1px solid var(--border)"">' +
      '<td style=""padding:0.4rem 0.5rem"">' + x(new Date(j.requestedAt).toLocaleString()) + '</td>' +
     "
18998,prepareRestore,wrap,=,escaped,api_response,88,"'<div class=""empty"" style=""padding:1rem;color:var(--danger)"">' + x(res.error) + '</div>'"
18999,prepareRestore,wrap,=,escaped,api_response,749,"'<div class=""conn-cfg-card"" style=""margin-top:1rem;border-color:var(--warning)"">' +
        '<div style=""font-size:0.72rem;font-weight:700;text-transform:uppercase;letter-spacing:.06em;color:var(--warning);margin-bottom:0.5rem"">Restore must be run on the host</div>' +
        '<div style=""font-size:0.8rem;color:var(--muted);margin-bottom:0.6rem"">This console cannot and will not run this for you. A"
19025,fetchAuditPage,tbody,=,static,,113,"'<tr><td colspan=""6"" style=""text-align:center;color:var(--muted);padding:2rem"">No audit records found.</td></tr>'"
19027,fetchAuditPage,tbody,=,unescaped_html,"agent,user_created_name",3040,"entries.map(function(e) {
        var ts = new Date(e.ts);
        var tsStr = ts.toLocaleDateString() + ' ' + ts.toLocaleTimeString([], {hour:'2-digit',minute:'2-digit',second:'2-digit'});
        var actionLabel = AUDIT_ACTION_LABELS[e.action] || e.action;
        var outcomeStyle = e.outcome === 'ok'
          ? 'background:rgba(35,134,54,.18);color:#3fb950;border:1px solid rgba(35,134,54,.35)'"
19086,fetchAuditPage,if (tbody) tbody,=,static,telemetry_log,117,"'<tr><td colspan=""6"" style=""text-align:center;color:var(--danger);padding:2rem"">Failed to load audit logs.</td></tr>'"
19170,loadAgtOverview,pane,=,static,,61,"'<div style=""color:var(--muted);padding:1rem"">Loading…</div>'"
19173,loadAgtOverview,pane,=,static,,69,"'<div style=""padding:1rem;color:var(--danger)"">Agent not found</div>'"
19177,loadAgtOverview,pane,=,partial_escaped,"agent,scenario,user_created_name",7264,"'<div style=""padding:1rem 1.25rem"">' +
      '<div style=""display:grid;grid-template-columns:1fr 1fr;gap:0.75rem 1.5rem;margin-bottom:1rem"">' +
      kv('Hostname',     x(a.hostname))    + kv('Agent ID', '<code style=""font-size:0.75rem"">' + x(a.agentId) + '</code>') +
      kv('IP Address',   x(a.ipAddress))   + kv('OS', x(a.osVersion || '—')) +
      kv('Username',     x(a.username))    + kv('Env"
19234,loadAgtOverview,pane,=,escaped,error_message,74,"'<div style=""padding:1rem;color:var(--danger)"">' + x(e.message) + '</div>'"
19262,loadAgtScenarios,pane,=,static,,61,"'<div style=""color:var(--muted);padding:1rem"">Loading…</div>'"
19265,loadAgtScenarios,pane,=,static,agent,91,"'<div style=""padding:1rem;color:var(--muted)"">No scenario runs found for this agent.</div>'"
19282,loadAgtScenarios,pane,=,unescaped_html,,666,"'<div style=""padding:1rem 1.25rem"">' +
      '<table style=""width:100%;border-collapse:collapse;font-size:0.8rem"">' +
      '<thead><tr style=""color:var(--muted);font-size:0.7rem;text-transform:uppercase;border-bottom:1px solid var(--border)"">' +
      '<th style=""padding:0.4rem 0.5rem 0.4rem 0;text-align:left"">Scenario</th>' +
      '<th style=""padding:0.4rem 0.5rem;text-align:left"">When</th>' +
"
19292,loadAgtScenarios,pane,=,escaped,error_message,74,"'<div style=""padding:1rem;color:var(--danger)"">' + x(e.message) + '</div>'"
19374,loadAgtLogs,pane,=,unescaped_html,,204,"tierBtns +
      '<div style=""overflow-y:auto;padding:0 1.25rem 1rem"">' +
      '<table style=""width:100%;border-collapse:collapse;font-size:0.79rem"">' +
      '<tbody>' + tbody + '</tbody></table></div>'"
19379,loadAgtLogs,pane,=,partial_escaped,error_message,85,"tierBtns + '<div style=""padding:1rem;color:var(--danger)"">' + x(e.message) + '</div>'"
19456,loadAgtHealth,pane,=,static,,61,"'<div style=""color:var(--muted);padding:1rem"">Loading…</div>'"
19468,loadAgtHealth,pane,=,unescaped_html,,137,"'<div style=""padding:1rem 1.25rem;display:grid;grid-template-columns:repeat(auto-fit,minmax(260px,1fr));gap:0.85rem"">' + cards + '</div>'"
19470,loadAgtHealth,pane,=,escaped,error_message,74,"'<div style=""padding:1rem;color:var(--danger)"">' + x(e.message) + '</div>'"
19477,loadAgtRisk,if (panel) panel,=,static,,56,"'<div class=""empty"" style=""padding:2rem"">Loading…</div>'"
19480,loadAgtRisk,if (panel) panel,=,escaped,error_message,47,"'<div class=""empty"">' + x(e.message) + '</div>'"
19553,renderAgtRisk,panel,=,indirect_variable,,1,h
19559,loadAgtAttackPath,pane,=,static,,61,"'<div style=""color:var(--muted);padding:1rem"">Loading…</div>'"
19562,loadAgtAttackPath,pane,=,static,agent,94,"'<div style=""padding:1rem;color:var(--muted)"">No attack-path jobs found for this agent.</div>'"
19593,loadAgtAttackPath,pane,=,unescaped_html,,758,"'<div style=""padding:0.75rem 1.25rem 0"">' +
      '<table style=""width:100%;border-collapse:collapse;font-size:0.79rem"">' +
      '<thead><tr style=""border-bottom:1px solid var(--border)"">' +
      '<th style=""padding:0.3rem 0.5rem;font-weight:600;font-size:0.7rem;color:var(--muted);text-align:left"">Time</th>' +
      '<th style=""padding:0.3rem 0.5rem;font-weight:600;font-size:0.7rem;color:var(--m"
19603,loadAgtAttackPath,pane,=,escaped,error_message,74,"'<div style=""padding:1rem;color:var(--danger)"">' + x(e.message) + '</div>'"
19689,initComplianceTab,fwSel,=,unescaped_html,user_created_name,139,"_cmpFrameworks.map(function(f) {
        return '<option value=""' + f.id + '"">' + f.name + ' ' + f.version + '</option>';
      }).join('')"
19693,initComplianceTab,fwSel,=,static,,52,"'<option value="""">Error loading frameworks</option>'"
19699,initComplianceTab,agSel,=,unescaped_html,agent,198,"'<option value="""">— Select Agent —</option>' +
      (agents || []).map(function(a) {
        return '<option value=""' + a.agentId + '"">' + (a.hostname || a.agentId) + '</option>';
      }).join('')"
19748,renderComplianceReport,document.getElementById('cmp-header-area'),=,partial_escaped,"agent,user_created_name",2662,"'<div class=""cmp-header-card"" style=""border-top:3px solid ' + fwColor + '"">' +
      '<div class=""cmp-header-left"">' +
        '<div class=""cmp-fw-badge"" style=""color:' + fwColor + ';background:' + fwColor + '22;border-color:' + fwColor + '44"">' + x(r.framework.id || '') + '</div>' +
        '<div class=""cmp-fw-name"">' + x(r.framework.name || '') + '</div>' +
        '<div class=""cmp-fw-version"">'"
19785,renderComplianceReport,document.getElementById('cmp-kpi-area'),=,unescaped_html,,511,"'<div class=""cmp-kpi-row"">' +
    kpis.map(function(k) {
      return '<div class=""cmp-kpi-card"" style=""border-left:3px solid ' + k.border + '"">' +
        '<div class=""cmp-kpi-icon"" style=""color:' + k.color + ';background:' + k.dim + '"">' + k.icon + '</div>' +
        '<div class=""cmp-kpi-value"" style=""color:' + k.color + '"">' + k.val + '</div>' +
        '<div class=""cmp-kpi-label"">' + k.label +"
19797,renderComplianceReport,document.getElementById('cmp-domain-area'),=,unescaped_likely_safe,user_created_name,1236,"'<div class=""cmp-section-hdr"">Domain Breakdown</div>' +
    '<div class=""cmp-domain-grid"">' +
    (r.domains || []).map(function(d) {
      var tested = (d.passing||0) + (d.failing||0) + (d.partial||0);
      var p = tested > 0 ? +(d.compliancePct||0) : null;
      var barColor = p === null ? 'rgba(122,148,176,0.3)' : p >= 70 ? '#22d3a6' : p >= 40 ? '#f59e0b' : '#ef4444';
      return '<div class="
19829,renderControlsTable,document.getElementById('cmp-controls-body'),=,unescaped_likely_safe,user_created_name,2011,"rows.map(function(c, i) {
    var badge = '<span class=""cmp-badge ' + c.status + '"">' + (statusLabel[c.status] || c.status) + '</span>';
    if (c.status === 'manual') {
      return '<tr><td>' + badge + '</td>' +
        '<td><span class=""cmp-ctrl-id"">' + x(c.id) + '</span></td>' +
        '<td>' + x(c.name) + ' <span class=""cmp-manual-tag"">manual attestation</span></td>' +
        '<td><span cla"
19860,renderControlsTable,document.getElementById('cmp-controls-body'),=,static,,76,"'<tr><td colspan=""7"" class=""empty"">No controls match this filter.</td></tr>'"
19870,toggleEvidence,if (btn) btn,=,unescaped_text,,93,el.classList.contains('open') ? '&#9660; ' + count + ' tests' : '&#9658; ' + count + ' tests'
20037,loadVariantStats,el,=,indirect_builder,,1601,"vexStatCard('Executed Variants',     s.executedVariants,       'var(--accent)', null,
        'How many individual variant executions (encoding \xd7 privilege \xd7 context combinations) have actually completed so far, summed across every finished variant run — not the total available.') +
      vexStatCard('Total Variants',        s.availableVariants,      'var(--text)',   artAtomic.toLocaleString"
20079,populateVexAgents,if (sel) sel,=,indirect_variable,,4,opts
20081,populateVexAgents,if (sweepSel) sweepSel,=,indirect_variable,,4,opts
20116,populateVexTechniques,tacSel,=,indirect_variable,,7,tacOpts
20121,populateVexTechniques,if (el) el,=,static,,99,"'<div style=""color:var(--danger);font-size:0.75rem;padding:0.4rem"">Failed to load techniques</div>'"
20212,renderVexSweepList,el,=,static_empty,,2,''
20214,renderVexSweepList,el,=,unescaped_likely_safe,agent,1839,"sweeps.map(function(sw) {
    // A full sweep can have thousands of total variants, so a handful of
    // real completions can round down to a misleading ""0%"" -- floor any
    // nonzero progress at 1% so the bar never looks stuck when it isn't.
    var rawPct = sw.totalVariants > 0 ? (sw.completedVariants / sw.totalVariants) * 100 : 0;
    var pct = rawPct > 0 && rawPct < 1 ? 1 : Math.round(rawP"
20451,filterVexTechniques,el,=,static,,92,"'<div style=""color:var(--muted);font-size:0.75rem;padding:0.4rem"">No techniques match</div>'"
20454,filterVexTechniques,el,=,unescaped_html,user_created_name,576,"filtered.map(function(t) {
    return '<label style=""display:flex;align-items:center;gap:0.5rem;padding:2px 4px;cursor:pointer;border-radius:3px"">' +
      '<input type=""checkbox"" class=""vex-tech-cb"" value=""' + x(t.id) + '"" style=""accent-color:var(--accent);flex-shrink:0"">' +
      '<span style=""font-family:var(--font-mono);font-size:0.76rem;flex-shrink:0"">' + x(t.id) + '</span>' +
      (t.name ?"
20478,loadVariantCoverage,el,=,static,,58,"'<div class=""empty"" style=""padding:1.5rem"">Loading…</div>'"
20481,loadVariantCoverage,el,=,static,,120,"'<div class=""empty"" style=""padding:1.5rem"">No variant runs yet. Run variants on a technique to see coverage here.</div>'"
20506,loadVariantCoverage,el,=,indirect_variable,,4,html
20508,loadVariantCoverage,el,=,escaped,error_message,116,"'<div class=""empty"" style=""color:var(--danger);padding:1rem"">' + x(e.message || 'Error loading coverage') + '</div>'"
20629,_vexRenderQueuePanel,panel,=,partial_escaped,,942,"'<div class=""card"" style=""padding:1.5rem"">' +
    '<div class=""card-title"" style=""margin-bottom:0.75rem"">Queue Progress</div>' +
    '<div style=""font-size:0.83rem;color:var(--muted);margin-bottom:0.6rem"">Running <span style=""font-family:var(--font-mono);color:var(--text)"">' + x(tid) + '</span> — <span style=""color:var(--accent);font-weight:600"">' + (idx + 1) + ' / ' + techniques.length + '</span>"
20699,pollVariantRun,if (panel) panel,=,escaped,,520,"'<div class=""card"" style=""padding:1.5rem;text-align:center;color:var(--muted)"">' +
    '<div style=""margin-bottom:0.5rem;font-size:0.9rem"">Executing variants…</div>' +
    '<div class=""tiny"" style=""font-family:var(--font-mono);margin-bottom:0.75rem"">' + x(vrId) + '</div>' +
    '<div id=""vex-poll-status"" class=""tiny"" style=""min-height:1em;margin-bottom:0.5rem""></div>' +
    '<button class=""btn btn"
20728,pollVariantRun,if (p) p,=,escaped,,796,"'<div class=""card"" style=""padding:1.5rem;text-align:center;color:var(--muted)"">' +
          '<div style=""margin-bottom:0.5rem;font-size:0.9rem;color:var(--danger)"">Unable to retrieve execution status</div>' +
          '<div class=""tiny"" style=""font-family:var(--font-mono);margin-bottom:0.75rem"">' + x(vrId) + '</div>' +
          '<div class=""tiny muted"" style=""margin-bottom:0.75rem"">The run may "
20760,stopVex,if (panel) panel,=,static,,116,"'<div class=""card"" style=""padding:1.25rem;color:var(--warning);text-align:center"">&#9632; Variant run stopped</div>'"
20873,renderVariantRun,if (wrapperEl) wrapperEl,=,indirect_variable,,11,wrapperHtml
20878,renderVariantRun,cell,=,partial_escaped,,119,"'<span style=""color:' + _vexVerdictColor(r.verdict) + ';font-weight:600;font-size:0.78rem"">' + x(r.verdict) + '</span>'"
20890,renderVariantRun,panel,=,unescaped_html,,166,"'<div class=""card""><div data-vex-wrapper style=""display:flex;flex-direction:column;gap:1.2rem;margin-bottom:0.75rem"">' + wrapperHtml + '</div>' + tableHtml + '</div>'"
20930,loadRansomwareReadiness,bodyEl,=,static,,157,"'<div class=""empty"" style=""padding:0.5rem"">Run the <strong>Ransomware Drill</strong> or <strong>EM-07</strong> scenario to generate a readiness score.</div>'"
21002,loadRansomwareReadiness,bodyEl,=,partial_escaped,"agent,user_created_name",852,"'<div style=""display:flex;gap:1.5rem;align-items:flex-start"">' +
      scoreHtml +
      '<div style=""flex:1;min-width:0"">' + barsHtml + '</div>' +
      '<div style=""flex-shrink:0;display:flex;flex-direction:column;gap:0.4rem;min-width:160px;font-size:0.75rem;color:var(--muted)"">' +
        '<div><span style=""color:var(--text);font-weight:500"">' + x(rrRun.name || rrRun.scenarioId) + '</span></div"
21093,loadEmTab,summaryEl,=,static,api_response,105,"'<div class=""empty"" style=""padding:0.5rem"">Run one or more EM scenarios to generate coverage data.</div>'"
21097,loadEmTab,summaryEl,=,partial_escaped,,973,"'<div style=""display:flex;align-items:center;gap:2rem;flex-wrap:wrap"">' +
            emSummaryBig(overallPct + '%', 'Overall Score', col) +
            emSummaryBig(layersRun + '/14', 'Layers Run', 'var(--text)') +
            emSummaryBig(layersPass + '', 'Layers Passing', 'var(--success)') +
            emSummaryBig(layersFail + '', 'Layers Failing', layersFail ? 'var(--danger)' : 'var(--muted)"
21115,loadEmTab,gridEl,=,unescaped_likely_safe,"agent,user_created_name",3506,"EM_CATALOG.map(function(e) {
      var run = lastRunMap[e.id];
      var p = 0, f = 0;
      if (run) {
        (run.results || []).forEach(function(c) {
          if (c.result === 'pass' || c.result === 'blocked') p++;
          else if (c.result === 'fail') f++;
        });
      }
      var pct = (p + f) ? Math.round(p / (p + f) * 100) : null;
      var col = pct === null ? 'var(--muted)' : _ri"
21192,openEMSweepModal,sel,=,escaped,agent,143,"agents.map(function(a) {
    return '<option value=""' + x(a.agentId) + '"">' + x(a.agentId) + ' — ' + x(a.hostname) + '</option>';
  }).join('')"
21207,renderEMSweepGroupList,list,=,static,,83,"'<p class=""tiny muted"" style=""margin:0"">No agent groups have been created yet.</p>'"
21210,renderEMSweepGroupList,list,=,unescaped_html,,360,"options.map(function(o) {
    return '<label style=""display:flex;align-items:center;gap:0.5rem;padding:0.25rem 0.3rem;cursor:pointer"">' +
      '<input type=""checkbox"" ' + (_emGroupSel[o.id] ? 'checked' : '') +
      ' onchange=""_emGroupSel[' + o.id + ']=this.checked"">' +
      '<span style=""font-size:0.8rem"">' + x(o.label) + '</span></label>';
  }).join('')"
21400,renderSweepPreview,filtersEl,=,partial_escaped,,304,"'<select onchange=""_setVexPreviewTactic(this.value)"" class=""btn btn-outline btn-sm u-flex1"">' + tacticOpts + '</select>' +
      '<input type=""text"" placeholder=""Search T-ID or name…"" value=""' + x(_vexPreviewSearch) + '"" oninput=""_setVexPreviewSearch(this.value)"" class=""btn btn-outline btn-sm u-flex1"">'"
21411,renderSweepPreview,filtersEl,=,escaped,,179,"'<input type=""text"" placeholder=""Search extra scenarios to add…"" value=""' + x(_emExtraSearch) + '"" oninput=""_setEMExtraSearch(this.value)"" class=""btn btn-outline btn-sm u-flex1"">'"
21432,_renderVexPreviewList,listEl,=,indirect_builder,,175,"_renderVexPreviewSection('art', 'ART', artFiltered, _vexPreviewArtCollapsed) +
    _renderVexPreviewSection('caldera', 'Caldera', calderaFiltered, _vexPreviewCalderaCollapsed)"
21575,_renderEMPreviewList,listEl,=,unescaped_text,,43,fixedHtml + extraHeaderHtml + extraRowsHtml
21678,openEMSweepProgress,document.getElementById('em-sweep-progress-actions'),=,static_empty,,2,''
21737,renderEMSweepProgress,document.getElementById('em-sweep-progress-summary'),=,partial_escaped,,238,"'<strong>' + sw.completedLayers + '/' + sw.totalLayers + '</strong> layers complete &middot; status: ' + x(sweepStatusLabel(sw.status)) +
    (sw.error ? '<div style=""color:var(--danger);margin-top:0.3rem"">' + x(sw.error) + '</div>' : '')"
21744,renderEMSweepProgress,document.getElementById('em-sweep-progress-actions'),=,partial_escaped,,1215,"terminal
    ? '<button class=""btn btn-outline btn-sm"" onclick=""window.open(\'/api/em/sweeps/' + encodeURIComponent(sw.id) + '/report\',\'_blank\')"" title=""Open the combined EM sweep report"">&#8599; HTML Report</button> ' +
      '<button class=""btn btn-outline btn-sm"" onclick=""downloadEMSweepReport(\'' + x(sw.id) + '\')"" title=""Download the combined EM sweep report as a PDF file"">&#8595; PDF Repo"
21757,renderEMSweepProgress,list,=,unescaped_html,user_created_name,2402,"(sw.layers || []).map(function(layerId, i) {
    var state = i < sw.currentIndex ? 'done' : (i === sw.currentIndex && sw.status === 'running') ? 'running' : 'pending';
    var color = state === 'done' ? 'var(--success)' : state === 'running' ? 'var(--accent)' : 'var(--muted)';
    var label = state === 'done' ? '&#10003;' : state === 'running' ? '&#9679;' : '&#9675;';
    var r = runsByScenario[la"
21878,renderScheduledAssessmentsList,tbody,=,static,,75,"'<tr><td colspan=""7"" class=""empty"">No scheduled assessments yet.</td></tr>'"
21881,renderScheduledAssessmentsList,tbody,=,unescaped_html,"scenario,telemetry_log,user_created_name",2431,"SCHED.schedules.map(function(sch) {
    // sch.Payload is a Go json.RawMessage with no json:""..."" tag override, so
    // it arrives already embedded as a real object in the outer response --
    // NOT as a JSON string needing a second JSON.parse (that silently threw,
    // caught below, and always fell back to {} -- see openSchedWizardForEdit's
    // identical fix for the same root cause).
   "
21949,openSchedWizard,sel,=,escaped,"scenario,user_created_name",108,"scenarios.map(function(s) { return '<option value=""' + x(s.id) + '"">' + x(s.name) + '</option>'; }).join('')"
22006,openSchedWizardForEdit,sel,=,escaped,"scenario,user_created_name",108,"scenarios.map(function(s) { return '<option value=""' + x(s.id) + '"">' + x(s.name) + '</option>'; }).join('')"
22063,renderSchedGroupTree,root,=,static,,201,"SCHED.groupsAccessDenied
      ? '<div class=""empty"">Group targeting requires Administrator access — select individual agents instead.</div>'
      : '<div class=""empty"">No agent groups defined.</div>'"
22068,renderSchedGroupTree,root,=,unescaped_text,,47,SCHED.groups.map(renderSchedGroupNode).join('')
22131,renderSchedAgentList,root,=,static,,48,"'<div class=""empty"">No agents registered.</div>'"
22133,renderSchedAgentList,root,=,unescaped_html,agent,1036,"SCHED.agentsAll.map(function(a) {
    var compatible = schedAgentCompatible(a, supportedOS);
    // A previously-checked agent that's now incompatible (scenario changed
    // after selection) must not stay silently selected.
    if (!compatible && SCHED.selAgents[a.agentId]) delete SCHED.selAgents[a.agentId];
    var checked = SCHED.selAgents[a.agentId] ? ' checked' : '';
    var disabled = compa"
22160,renderSchedInitiativeSelect,sel,=,escaped,,168,"'<option value="""">— None —</option>' +
    SCHED.initiativesActive.map(function(it) { return '<option value=""' + x(it.ID) + '"">' + x(it.Name) + '</option>'; }).join('')"
22173,renderSchedModeRecurrencePane,modeSel,=,indirect_variable,,4,opts
22279,renderSchedReview,document.getElementById('sched-review'),=,unescaped_text,,15,html + authWrap
